query,a_temp,a_query,b_temp,b_query
1EBL_A,L,H,V,T
1EBL_A,I,-,S,S
1EBL_A,A,G,E,F
1EBL_A,-,Q,E,D
1EBL_A,H,I,T,-
1EBL_A,T,I,A,-
1EBL_A,F,T,V,-
1EBL_A,L,E,L,F
1EBL_A,I,F,N,N
1EBL_A,L,F,L,A
1EBL_A,C,W,M,V
1EBL_A,M,S,I,T
1HN9_A,L,H,V,T
1HN9_A,I,-,S,S
1HN9_A,A,G,E,F
1HN9_A,-,Q,E,D
1HN9_A,H,I,T,-
1HN9_A,T,I,A,-
1HN9_A,F,T,V,-
1HN9_A,L,E,L,F
1HN9_A,I,F,N,N
1HN9_A,L,F,L,A
1HN9_A,C,W,M,V
1HN9_A,M,S,I,T
1HND_A,L,H,V,T
1HND_A,I,-,S,S
1HND_A,A,G,E,F
1HND_A,-,Q,E,D
1HND_A,H,I,T,-
1HND_A,T,I,A,-
1HND_A,F,T,V,-
1HND_A,L,E,L,F
1HND_A,I,F,N,N
1HND_A,L,F,L,A
1HND_A,C,W,M,V
1HND_A,M,S,I,T
1HNH_A,L,H,V,T
1HNH_A,I,-,S,S
1HNH_A,A,G,E,F
1HNH_A,-,Q,E,D
1HNH_A,H,I,T,-
1HNH_A,T,I,A,-
1HNH_A,F,T,V,-
1HNH_A,L,E,L,F
1HNH_A,I,F,N,N
1HNH_A,L,F,L,A
1HNH_A,C,W,M,V
1HNH_A,M,S,I,T
1HNJ_A,L,H,V,T
1HNJ_A,I,-,S,S
1HNJ_A,A,G,E,F
1HNJ_A,-,Q,E,D
1HNJ_A,H,I,T,-
1HNJ_A,T,I,A,-
1HNJ_A,F,T,V,-
1HNJ_A,L,E,L,F
1HNJ_A,I,F,N,N
1HNJ_A,L,F,L,A
1HNJ_A,C,W,M,V
1HNJ_A,M,S,I,T
1HNK_A,L,-,V,T
1HNK_A,I,-,S,S
1HNK_A,A,-,E,F
1HNK_A,I,P,E,D
1HNK_A,H,I,T,-
1HNK_A,T,I,A,-
1HNK_A,F,T,V,-
1HNK_A,-,E,L,F
1HNK_A,G,T,N,N
1HNK_A,L,L,L,L
1HNK_A,C,-,M,-
1HNK_A,M,-,I,T
1HZP_A,L,V,V,N
1HZP_A,I,P,S,T
1HZP_A,A,F,E,T
1HZP_A,F,F,E,E
1HZP_A,H,I,T,K
1HZP_A,T,N,A,-
1HZP_A,F,L,V,-
1HZP_A,L,I,L,F
1HZP_A,I,Y,N,P
1HZP_A,L,L,L,S
1HZP_A,C,Y,M,-
1HZP_A,M,-,N,N
1M1M_A,L,V,V,N
1M1M_A,I,P,S,T
1M1M_A,A,F,E,T
1M1M_A,F,F,E,E
1M1M_A,H,I,T,K
1M1M_A,T,N,A,-
1M1M_A,F,L,V,-
1M1M_A,L,I,L,F
1M1M_A,I,Y,N,P
1M1M_A,L,L,L,S
1M1M_A,C,Y,M,-
1M1M_A,M,A,N,N
1MZJ_A,R,K,V,M
1MZJ_A,I,V,S,T
1MZJ_A,A,V,E,T
1MZJ_A,I,P,E,-
1MZJ_A,H,I,T,-
1MZJ_A,T,I,A,-
1MZJ_A,F,L,V,-
1MZJ_A,L,I,L,F
1MZJ_A,I,F,-,P
1MZJ_A,L,L,N,S
1MZJ_A,C,Y,R,R
1MZJ_A,M,G,N,N
1MZS_A,L,H,V,T
1MZS_A,I,-,S,S
1MZS_A,A,G,E,F
1MZS_A,-,Q,E,D
1MZS_A,H,I,T,-
1MZS_A,T,I,A,-
1MZS_A,F,T,V,-
1MZS_A,L,E,L,F
1MZS_A,I,F,N,N
1MZS_A,L,F,L,A
1MZS_A,C,W,M,V
1MZS_A,M,S,I,T
1U6E_A,L,V,V,N
1U6E_A,I,P,S,T
1U6E_A,A,F,E,T
1U6E_A,F,F,E,E
1U6E_A,H,I,T,K
1U6E_A,T,N,A,-
1U6E_A,F,L,V,-
1U6E_A,L,I,L,F
1U6E_A,I,Y,N,P
1U6E_A,L,L,L,S
1U6E_A,C,Y,M,-
1U6E_A,M,-,N,N
1U6S_A,L,V,V,N
1U6S_A,I,P,S,T
1U6S_A,A,F,E,T
1U6S_A,F,F,E,E
1U6S_A,H,I,T,K
1U6S_A,T,N,A,-
1U6S_A,F,L,V,-
1U6S_A,L,I,L,F
1U6S_A,I,Y,N,P
1U6S_A,L,L,L,S
1U6S_A,C,Y,M,-
1U6S_A,M,-,N,N
1UB7_A,L,V,V,N
1UB7_A,I,V,S,T
1UB7_A,A,M,E,F
1UB7_A,I,P,E,E
1UB7_A,H,I,T,A
1UB7_A,T,I,A,L
1UB7_A,F,A,V,I
1UB7_A,L,V,L,F
1UB7_A,I,F,-,P
1UB7_A,L,L,-,R
1UB7_A,C,W,G,S
1UB7_A,M,A,I,T
1ZOW_A,L,V,V,A
1ZOW_A,I,V,S,T
1ZOW_A,A,M,E,F
1ZOW_A,I,P,E,D
1ZOW_A,H,I,T,-
1ZOW_A,T,M,A,-
1ZOW_A,F,A,V,-
1ZOW_A,L,V,L,F
1ZOW_A,I,F,N,D
1ZOW_A,L,L,L,T
1ZOW_A,C,W,M,L
1ZOW_A,M,A,I,T
2AHB_A,L,V,V,N
2AHB_A,I,P,S,T
2AHB_A,A,F,E,T
2AHB_A,F,F,E,E
2AHB_A,H,I,T,K
2AHB_A,T,N,A,-
2AHB_A,F,L,V,-
2AHB_A,L,I,L,F
2AHB_A,I,Y,N,P
2AHB_A,L,L,L,S
2AHB_A,C,Y,M,-
2AHB_A,M,-,N,N
2AJ9_A,L,V,V,N
2AJ9_A,I,P,S,T
2AJ9_A,A,F,E,T
2AJ9_A,F,F,E,E
2AJ9_A,H,I,T,K
2AJ9_A,T,N,A,-
2AJ9_A,F,L,V,-
2AJ9_A,L,I,L,F
2AJ9_A,I,Y,N,P
2AJ9_A,L,L,L,S
2AJ9_A,C,Y,M,-
2AJ9_A,M,-,N,N
2EBD_A,L,L,V,L
2EBD_A,I,V,S,T
2EBD_A,A,M,E,F
2EBD_A,I,P,E,E
2EBD_A,H,I,T,K
2EBD_A,T,I,A,L
2EBD_A,F,L,V,-
2EBD_A,L,T,L,F
2EBD_A,I,M,N,N
2EBD_A,L,L,L,C
2EBD_A,C,W,M,I
2EBD_A,M,A,I,T
2EFT_A,L,H,V,T
2EFT_A,I,-,S,S
2EFT_A,A,G,E,F
2EFT_A,-,Q,E,D
2EFT_A,H,I,T,-
2EFT_A,T,I,A,-
2EFT_A,F,T,V,-
2EFT_A,L,E,L,F
2EFT_A,I,F,N,N
2EFT_A,L,F,L,A
2EFT_A,C,W,M,V
2EFT_A,M,S,I,T
2GYO_A,L,H,V,T
2GYO_A,I,-,S,S
2GYO_A,A,G,E,F
2GYO_A,-,Q,E,D
2GYO_A,H,I,T,-
2GYO_A,T,I,A,-
2GYO_A,F,T,V,-
2GYO_A,L,E,L,F
2GYO_A,I,F,N,N
2GYO_A,L,F,L,A
2GYO_A,C,W,M,V
2GYO_A,M,S,I,T
2QNX_A,L,V,V,N
2QNX_A,I,P,S,T
2QNX_A,A,F,E,T
2QNX_A,F,F,E,E
2QNX_A,H,I,T,K
2QNX_A,T,N,A,-
2QNX_A,F,L,V,-
2QNX_A,L,I,L,F
2QNX_A,I,Y,N,P
2QNX_A,L,L,L,S
2QNX_A,C,Y,M,-
2QNX_A,M,-,N,N
2QNY_A,L,V,V,N
2QNY_A,I,P,S,T
2QNY_A,A,F,E,T
2QNY_A,F,F,E,E
2QNY_A,H,I,T,K
2QNY_A,T,N,A,-
2QNY_A,F,L,V,-
2QNY_A,L,I,L,F
2QNY_A,I,Y,N,P
2QNY_A,L,L,L,S
2QNY_A,C,Y,M,-
2QNY_A,M,-,N,N
2QNZ_A,L,V,V,N
2QNZ_A,I,P,S,T
2QNZ_A,A,F,E,T
2QNZ_A,F,F,E,E
2QNZ_A,H,I,T,K
2QNZ_A,T,N,A,-
2QNZ_A,F,L,V,-
2QNZ_A,L,I,L,F
2QNZ_A,I,Y,N,P
2QNZ_A,L,L,L,S
2QNZ_A,C,Y,M,-
2QNZ_A,M,-,N,N
2QO0_A,L,V,V,N
2QO0_A,I,P,S,T
2QO0_A,A,F,E,T
2QO0_A,F,F,E,E
2QO0_A,H,I,T,K
2QO0_A,T,N,A,-
2QO0_A,F,L,V,-
2QO0_A,L,I,L,F
2QO0_A,I,Y,N,P
2QO0_A,L,L,L,S
2QO0_A,C,Y,M,-
2QO0_A,M,-,N,N
2QO1_A,L,V,V,N
2QO1_A,I,P,S,T
2QO1_A,A,F,E,T
2QO1_A,F,F,E,E
2QO1_A,H,I,T,K
2QO1_A,T,N,A,-
2QO1_A,F,L,V,-
2QO1_A,L,I,L,F
2QO1_A,I,Y,N,P
2QO1_A,L,L,L,S
2QO1_A,C,Y,M,-
2QO1_A,M,-,N,N
2QX1_A,L,V,V,N
2QX1_A,I,P,S,T
2QX1_A,A,F,E,T
2QX1_A,F,F,E,E
2QX1_A,H,I,T,K
2QX1_A,T,N,A,-
2QX1_A,F,L,V,-
2QX1_A,L,I,L,F
2QX1_A,I,Y,N,P
2QX1_A,L,L,L,S
2QX1_A,C,Y,M,-
2QX1_A,M,-,N,N
2X3E_A,L,V,V,S
2X3E_A,I,V,S,T
2X3E_A,A,M,E,C
2X3E_A,I,P,E,D
2X3E_A,H,I,T,T
2X3E_A,T,L,A,-
2X3E_A,F,V,V,-
2X3E_A,L,T,L,L
2X3E_A,I,F,N,A
2X3E_A,L,L,L,S
2X3E_A,C,W,M,F
2X3E_A,M,S,I,T
3FK5_A,L,L,V,V
3FK5_A,I,I,S,S
3FK5_A,A,A,E,E
3FK5_A,I,I,E,E
3FK5_A,H,H,T,T
3FK5_A,T,T,A,A
3FK5_A,F,F,V,V
3FK5_A,L,L,L,L
3FK5_A,I,I,N,N
3FK5_A,L,L,L,L
3FK5_A,C,C,M,M
3FK5_A,M,M,I,I
3GWA_A,-,G,V,Q
3GWA_A,I,M,S,A
3GWA_A,A,M,E,L
3GWA_A,L,I,E,D
3GWA_A,S,N,T,T
3GWA_A,R,R,A,-
3GWA_A,T,L,V,-
3GWA_A,L,L,L,-
3GWA_A,I,F,N,G
3GWA_A,L,Y,L,L
3GWA_A,C,W,-,P
3GWA_A,M,G,I,T
3GWE_A,-,G,V,Q
3GWE_A,I,M,S,A
3GWE_A,A,M,E,L
3GWE_A,L,I,E,D
3GWE_A,S,N,T,T
3GWE_A,R,R,A,-
3GWE_A,T,L,V,-
3GWE_A,L,L,L,-
3GWE_A,I,F,N,G
3GWE_A,L,Y,L,L
3GWE_A,C,W,-,P
3GWE_A,M,G,I,T
3H76_A,L,F,V,L
3H76_A,-,Q,S,S
3H76_A,I,V,E,D
3H76_A,I,C,E,E
3H76_A,H,I,T,V
3H76_A,T,L,A,L
3H76_A,F,V,V,-
3H76_A,L,L,L,L
3H76_A,I,Y,N,G
3H76_A,L,-,L,G
3H76_A,C,A,M,L
3H76_A,M,W,I,M
3H77_A,L,F,V,L
3H77_A,-,Q,S,S
3H77_A,I,V,E,D
3H77_A,I,C,E,E
3H77_A,H,I,T,V
3H77_A,T,L,A,L
3H77_A,F,V,V,-
3H77_A,L,L,L,L
3H77_A,I,Y,N,G
3H77_A,L,-,L,G
3H77_A,C,A,M,L
3H77_A,M,W,I,M
3H78_A,L,F,V,L
3H78_A,-,Q,S,S
3H78_A,I,V,E,D
3H78_A,I,C,E,E
3H78_A,H,I,T,V
3H78_A,T,L,A,L
3H78_A,F,V,V,-
3H78_A,L,L,L,L
3H78_A,I,Y,N,G
3H78_A,L,-,L,G
3H78_A,C,A,M,L
3H78_A,M,W,I,M
3IL3_A,L,I,V,T
3IL3_A,-,E,S,S
3IL3_A,A,A,E,Y
3IL3_A,I,P,E,D
3IL3_A,H,I,T,L
3IL3_A,T,I,A,N
3IL3_A,F,T,V,K
3IL3_A,L,E,L,F
3IL3_A,I,F,N,Q
3IL3_A,L,W,L,P
3IL3_A,C,W,M,G
3IL3_A,M,S,I,N
3IL4_A,L,L,V,V
3IL4_A,I,R,S,T
3IL4_A,A,F,E,M
3IL4_A,V,L,E,E
3IL4_A,H,I,T,T
3IL4_A,T,I,A,-
3IL4_A,F,I,V,-
3IL4_A,A,V,L,F
3IL4_A,L,T,N,H
3IL4_A,L,L,L,-
3IL4_A,C,W,M,-
3IL4_A,M,S,I,T
3IL5_A,L,Y,V,V
3IL5_A,I,H,S,T
3IL5_A,A,A,E,M
3IL5_A,-,S,E,E
3IL5_A,Q,Q,T,T
3IL5_A,S,N,A,-
3IL5_A,A,K,V,-
3IL5_A,A,V,L,F
3IL5_A,L,T,N,Y
3IL5_A,S,G,L,-
3IL5_A,L,L,M,T
3IL5_A,S,G,I,T
3IL6_A,L,Y,V,V
3IL6_A,I,H,S,T
3IL6_A,A,A,E,M
3IL6_A,-,S,E,E
3IL6_A,Q,Q,T,T
3IL6_A,S,N,A,-
3IL6_A,A,K,V,-
3IL6_A,A,V,L,F
3IL6_A,L,T,N,Y
3IL6_A,S,G,L,-
3IL6_A,L,L,M,T
3IL6_A,S,G,I,T
3IL7_A,L,V,V,A
3IL7_A,I,V,S,T
3IL7_A,A,M,E,F
3IL7_A,I,P,E,D
3IL7_A,H,I,T,-
3IL7_A,T,M,A,-
3IL7_A,F,A,V,-
3IL7_A,L,V,L,F
3IL7_A,I,F,N,D
3IL7_A,L,L,L,T
3IL7_A,C,W,M,L
3IL7_A,M,A,I,T
3IL9_A,L,H,V,T
3IL9_A,I,-,S,S
3IL9_A,A,G,E,F
3IL9_A,-,Q,E,D
3IL9_A,H,I,T,-
3IL9_A,T,I,A,-
3IL9_A,F,T,V,-
3IL9_A,L,E,L,F
3IL9_A,I,F,N,N
3IL9_A,L,F,L,A
3IL9_A,C,W,M,V
3IL9_A,M,S,I,T
3LED_A,-,G,-,I
3LED_A,-,D,-,A
3LED_A,M,F,N,C
3LED_A,K,A,E,E
3LED_A,D,K,T,I
3LED_A,F,M,A,C
3LED_A,S,N,V,-
3LED_A,I,G,L,F
3LED_A,L,I,N,N
3LED_A,G,G,-,A
3LED_A,G,G,L,L
3LED_A,C,A,H,Y
3S3L_A,L,R,V,L
3S3L_A,I,A,S,W
3S3L_A,A,A,E,D
3S3L_A,D,A,E,H
3S3L_A,S,R,T,A
3S3L_A,R,R,A,A
3S3L_A,F,L,V,T
3S3L_A,L,F,L,Y
3S3L_A,I,G,N,D
3S3L_A,L,Y,L,E
3S3L_A,C,C,-,P
3S3L_A,M,A,N,H
3T5Y_A,L,R,V,L
3T5Y_A,I,A,S,W
3T5Y_A,A,A,E,D
3T5Y_A,D,A,E,H
3T5Y_A,S,R,T,A
3T5Y_A,R,R,A,A
3T5Y_A,F,L,V,T
3T5Y_A,L,F,L,Y
3T5Y_A,I,G,N,D
3T5Y_A,L,Y,L,E
3T5Y_A,C,C,-,P
3T5Y_A,M,A,N,H
3T6S_A,L,R,V,L
3T6S_A,I,A,S,W
3T6S_A,A,A,E,D
3T6S_A,D,A,E,H
3T6S_A,S,R,T,A
3T6S_A,R,R,A,A
3T6S_A,F,L,V,T
3T6S_A,L,F,L,Y
3T6S_A,I,G,N,D
3T6S_A,L,Y,L,E
3T6S_A,C,C,-,P
3T6S_A,M,A,N,H
3T8E_A,L,R,V,L
3T8E_A,I,A,S,W
3T8E_A,A,A,E,D
3T8E_A,D,A,E,H
3T8E_A,S,R,T,A
3T8E_A,R,R,A,A
3T8E_A,F,L,V,T
3T8E_A,L,F,L,Y
3T8E_A,I,G,N,D
3T8E_A,L,Y,L,E
3T8E_A,C,C,-,P
3T8E_A,M,A,N,H
4DFE_A,L,L,V,S
4DFE_A,-,Q,S,T
4DFE_A,-,L,E,F
4DFE_A,I,P,E,E
4DFE_A,H,I,T,T
4DFE_A,T,M,A,-
4DFE_A,F,T,V,-
4DFE_A,L,E,L,F
4DFE_A,I,V,N,N
4DFE_A,L,F,L,V
4DFE_A,C,W,M,V
4DFE_A,M,A,I,T
4EFI_A,L,I,V,Q
4EFI_A,I,L,S,T
4EFI_A,A,V,E,L
4EFI_A,I,F,E,D
4EFI_A,H,M,T,T
4EFI_A,T,L,A,I
4EFI_A,F,L,V,M
4EFI_A,L,M,L,N
4EFI_A,G,G,N,S
4EFI_A,G,G,L,P
4EFI_A,N,S,M,L
4EFI_A,M,S,I,T
4EWP_A,L,E,V,V
4EWP_A,I,V,S,T
4EWP_A,A,A,E,T
4EWP_A,-,A,E,-
4EWP_A,-,G,T,-
4EWP_A,-,V,A,-
4EWP_A,E,E,V,-
4EWP_A,L,Q,L,L
4EWP_A,G,G,N,-
4EWP_A,L,L,L,-
4EWP_A,C,Y,M,-
4EWP_A,M,A,N,N
4KU5_A,L,L,V,V
4KU5_A,I,I,S,S
4KU5_A,A,A,E,E
4KU5_A,I,I,E,E
4KU5_A,H,H,T,T
4KU5_A,T,T,A,A
4KU5_A,F,F,V,V
4KU5_A,L,L,L,L
4KU5_A,I,I,N,N
4KU5_A,L,L,L,L
4KU5_A,C,C,M,M
4KU5_A,M,M,I,I
4NHD_A,L,K,V,T
4NHD_A,I,L,S,S
4NHD_A,A,N,E,F
4NHD_A,I,P,E,D
4NHD_A,H,I,T,A
4NHD_A,T,I,A,L
4NHD_A,F,T,V,-
4NHD_A,L,E,L,V
4NHD_A,I,F,N,E
4NHD_A,L,F,L,V
4NHD_A,C,W,M,V
4NHD_A,M,S,I,T
4RYB_A,L,I,V,A
4RYB_A,-,P,S,T
4RYB_A,-,K,E,F
4RYB_A,I,P,E,E
4RYB_A,H,I,T,-
4RYB_A,T,I,A,-
4RYB_A,F,T,V,-
4RYB_A,L,E,L,F
4RYB_A,I,I,N,K
4RYB_A,L,F,L,-
4RYB_A,C,W,M,-
4RYB_A,M,A,I,T
4V2P_A,L,L,V,G
4V2P_A,I,F,S,S
4V2P_A,A,L,E,V
4V2P_A,F,I,E,D
4V2P_A,H,V,T,I
4V2P_A,T,L,A,A
4V2P_A,F,L,V,S
4V2P_A,L,T,L,F
4V2P_A,I,T,N,E
4V2P_A,L,V,L,D
4V2P_A,C,F,M,L
4V2P_A,M,G,I,C
4WZU_A,L,W,V,C
4WZU_A,-,V,S,S
4WZU_A,A,F,E,I
4WZU_A,I,P,E,E
4WZU_A,H,I,T,R
4WZU_A,T,I,A,L
4WZU_A,F,L,V,Y
4WZU_A,L,A,L,F
4WZU_A,I,F,N,A
4WZU_A,L,L,L,M
4WZU_A,C,W,M,F
4WZU_A,M,A,I,T
4X0O_A,L,W,V,C
4X0O_A,-,V,S,S
4X0O_A,A,F,E,I
4X0O_A,I,P,E,E
4X0O_A,H,I,T,R
4X0O_A,T,I,A,L
4X0O_A,F,L,V,Y
4X0O_A,L,A,L,F
4X0O_A,I,F,N,A
4X0O_A,L,L,L,M
4X0O_A,C,W,M,F
4X0O_A,M,A,I,T
4X9K_A,L,W,V,C
4X9K_A,-,V,S,S
4X9K_A,A,F,E,I
4X9K_A,I,P,E,E
4X9K_A,H,I,T,R
4X9K_A,T,I,A,L
4X9K_A,F,L,V,Y
4X9K_A,L,A,L,F
4X9K_A,I,F,N,A
4X9K_A,L,L,L,M
4X9K_A,C,W,M,F
4X9K_A,M,A,I,T
4X9O_A,L,-,V,C
4X9O_A,I,M,S,S
4X9O_A,A,A,E,I
4X9O_A,I,P,E,E
4X9O_A,H,I,T,R
4X9O_A,T,I,A,L
4X9O_A,F,L,V,Y
4X9O_A,L,A,L,I
4X9O_A,I,F,N,I
4X9O_A,L,L,L,F
4X9O_A,C,W,M,A
4X9O_A,M,A,I,T
4YLT_A,L,L,V,T
4YLT_A,I,L,S,S
4YLT_A,A,-,E,F
4YLT_A,I,P,E,D
4YLT_A,H,I,T,-
4YLT_A,T,I,A,-
4YLT_A,F,T,V,V
4YLT_A,L,E,L,L
4YLT_A,I,F,N,E
4YLT_A,L,F,L,L
4YLT_A,C,W,M,I
4YLT_A,M,S,I,T
4YUC_A,L,L,V,G
4YUC_A,I,E,S,S
4YUC_A,A,P,E,V
4YUC_A,I,P,E,D
4YUC_A,H,V,T,I
4YUC_A,T,L,A,S
4YUC_A,F,L,V,A
4YUC_A,L,T,L,Y
4YUC_A,I,T,N,N
4YUC_A,L,V,L,Y
4YUC_A,C,F,M,M
4YUC_A,M,G,I,C
4YUF_A,L,L,V,G
4YUF_A,I,E,S,S
4YUF_A,A,P,E,V
4YUF_A,I,P,E,D
4YUF_A,H,V,T,I
4YUF_A,T,L,A,S
4YUF_A,F,L,V,A
4YUF_A,L,T,L,Y
4YUF_A,I,T,N,N
4YUF_A,L,V,L,Y
4YUF_A,C,F,M,M
4YUF_A,M,G,I,C
4Z19_A,L,L,V,T
4Z19_A,I,L,S,S
4Z19_A,A,-,E,F
4Z19_A,I,P,E,D
4Z19_A,H,I,T,-
4Z19_A,T,I,A,-
4Z19_A,F,T,V,V
4Z19_A,L,E,L,L
4Z19_A,I,F,N,E
4Z19_A,L,F,L,L
4Z19_A,C,W,M,I
4Z19_A,M,S,I,T
4Z8D_A,L,H,V,T
4Z8D_A,I,-,S,S
4Z8D_A,A,G,E,F
4Z8D_A,-,Q,E,D
4Z8D_A,H,I,T,-
4Z8D_A,T,I,A,-
4Z8D_A,F,T,V,-
4Z8D_A,L,E,L,F
4Z8D_A,I,F,N,N
4Z8D_A,L,F,L,A
4Z8D_A,C,W,M,V
4Z8D_A,M,S,I,T
5BNM_A,L,H,V,T
5BNM_A,I,-,S,S
5BNM_A,A,G,E,F
5BNM_A,-,Q,E,D
5BNM_A,H,I,T,-
5BNM_A,T,I,A,-
5BNM_A,F,T,V,-
5BNM_A,L,E,L,F
5BNM_A,I,F,N,N
5BNM_A,L,F,L,A
5BNM_A,C,W,M,V
5BNM_A,M,S,I,T
5BNR_A,L,A,V,T
5BNR_A,I,E,S,S
5BNR_A,A,A,E,F
5BNR_A,I,P,E,D
5BNR_A,H,I,T,-
5BNR_A,T,I,A,-
5BNR_A,F,T,V,-
5BNR_A,L,E,L,F
5BNR_A,I,F,R,A
5BNR_A,L,F,N,N
5BNR_A,C,W,M,K
5BNR_A,M,S,I,T
5BNS_A,L,H,V,T
5BNS_A,I,-,S,S
5BNS_A,A,G,E,F
5BNS_A,-,Q,E,D
5BNS_A,H,I,T,-
5BNS_A,T,I,A,-
5BNS_A,F,T,V,-
5BNS_A,L,E,L,F
5BNS_A,I,F,N,N
5BNS_A,L,F,L,A
5BNS_A,C,W,M,V
5BNS_A,M,S,I,T
5BQS_A,L,L,V,I
5BQS_A,-,R,S,T
5BQS_A,-,D,E,M
5BQS_A,I,L,E,E
5BQS_A,H,I,T,T
5BQS_A,T,L,A,L
5BQS_A,F,M,V,-
5BQS_A,L,L,L,F
5BQS_A,I,F,N,P
5BQS_A,L,L,L,F
5BQS_A,C,W,M,Q
5BQS_A,M,T,I,T
5BY7_A,L,A,V,A
5BY7_A,I,P,S,T
5BY7_A,A,A,E,M
5BY7_A,I,P,E,D
5BY7_A,H,M,T,V
5BY7_A,T,T,A,V
5BY7_A,F,I,V,F
5BY7_A,L,-,L,F
5BY7_A,I,-,L,P
5BY7_A,L,L,R,E
5BY7_A,C,V,R,A
5BY7_A,M,I,I,N
5C1J_A,L,L,V,G
5C1J_A,I,E,S,S
5C1J_A,A,P,E,V
5C1J_A,I,P,E,D
5C1J_A,H,V,T,I
5C1J_A,T,L,A,S
5C1J_A,F,L,V,A
5C1J_A,L,T,L,Y
5C1J_A,I,T,N,N
5C1J_A,L,V,L,Y
5C1J_A,C,F,M,M
5C1J_A,M,G,I,C
5DWZ_A,L,G,V,L
5DWZ_A,I,V,S,S
5DWZ_A,A,G,Y,I
5DWZ_A,I,-,E,E
5DWZ_A,H,-,T,S
5DWZ_A,T,-,A,G
5DWZ_A,F,-,V,L
5DWZ_A,L,I,L,L
5DWZ_A,I,F,N,H
5DWZ_A,-,G,L,L
5DWZ_A,-,V,M,-
5DWZ_A,-,E,I,D
5KP2_A,L,W,V,C
5KP2_A,-,V,S,S
5KP2_A,A,F,E,I
5KP2_A,I,P,E,E
5KP2_A,H,I,T,R
5KP2_A,T,I,A,L
5KP2_A,F,L,V,Y
5KP2_A,L,A,L,F
5KP2_A,I,F,N,A
5KP2_A,L,L,L,M
5KP2_A,C,W,M,F
5KP2_A,M,A,I,T
5V0P_A,L,W,V,C
5V0P_A,-,V,S,S
5V0P_A,A,F,E,I
5V0P_A,I,P,E,E
5V0P_A,H,I,T,R
5V0P_A,T,I,A,L
5V0P_A,F,L,V,Y
5V0P_A,L,A,L,F
5V0P_A,I,F,N,A
5V0P_A,L,L,L,M
5V0P_A,C,W,M,F
5V0P_A,M,A,I,T
