PDB ID,Chain ID,Structure Title,Dep. Date,Resolution,Ligand ID,Ligand Formula,Ligand Name,Ligand SMILES,Source,Taxonomy ID,Expression Host,PubMed ID,Sequence,Primary Citation Author,Journal Name
"1EBL","A","THE 1.8 A CRYSTAL STRUCTURE AND ACTIVE SITE ARCHITECTURE OF BETA-KETOACYL-[ACYL CARRIER PROTEIN] SYNTHASE III (FABH) FROM ESCHERICHIA COLI","2000-01-24","1.80","COA","C21 H36 N7 O16 P3 S","COENZYME A","CC(C)(CO[P@](=O)(O)O[P@@](=O)(O)OC[C@@H]1[C@H]([C@H]([C@@H](O1)n2cnc3c2ncnc3N)O)OP(=O)(O)O)[C@H](C(=O)NCCC(=O)NCCS)O","Escherichia coli","562","Escherichia coli","10673437","MYTKIIGTGSYLPEQVRTNADLEKMVDTSDEWIVTRTGIRERHIAAPNETVSTMGFEAATRAIEMAGIEKDQIGLIVVATTSATHAFPSAACQIQSMLGIKGCPAFDVAAACAGFTYALSVADQYVKSGAVKYALVVGSDVLARTCDPTDRGTIIIFGDGAGAAVLAASEEPGIISTHLHADGSYGELLTLPNADRVNPENSIHLTMAGNEVFKVAVTELAHIVDETLAANNNDRSQLDWLVPHQANLRIISATAKKLGMSMDNVVVTLDRHGNTSAASVPCALDEAVRDGRIKPGQLVLLEAFGGGFTWGSALVRF","Davies, C., Heath, R.J., White, S.W., Rock, C.O.","Structure Fold.Des."
"1EBL","A","THE 1.8 A CRYSTAL STRUCTURE AND ACTIVE SITE ARCHITECTURE OF BETA-KETOACYL-[ACYL CARRIER PROTEIN] SYNTHASE III (FABH) FROM ESCHERICHIA COLI","2000-01-24","1.80","MSE","C5 H11 N O2 Se","SELENOMETHIONINE","C[Se]CC[C@@H](C(=O)O)N","Escherichia coli","562","Escherichia coli","10673437","MYTKIIGTGSYLPEQVRTNADLEKMVDTSDEWIVTRTGIRERHIAAPNETVSTMGFEAATRAIEMAGIEKDQIGLIVVATTSATHAFPSAACQIQSMLGIKGCPAFDVAAACAGFTYALSVADQYVKSGAVKYALVVGSDVLARTCDPTDRGTIIIFGDGAGAAVLAASEEPGIISTHLHADGSYGELLTLPNADRVNPENSIHLTMAGNEVFKVAVTELAHIVDETLAANNNDRSQLDWLVPHQANLRIISATAKKLGMSMDNVVVTLDRHGNTSAASVPCALDEAVRDGRIKPGQLVLLEAFGGGFTWGSALVRF","Davies, C., Heath, R.J., White, S.W., Rock, C.O.","Structure Fold.Des."
"1HN9","A","CRYSTAL STRUCTURE OF BETA-KETOACYL-ACP SYNTHASE III","2000-12-07","2.00","PO4","O4 P -3","PHOSPHATE ION","[O-]P(=O)([O-])[O-]","Escherichia coli","562","Escherichia coli","10593943","MYTKIIGTGSYLPEQVRTNADLEKMVDTSDEWIVTRTGIRERHIAAPNETVSTMGFEAATRAIEMAGIEKDQIGLIVVATTSATHAFPSAACQIQSMLGIKGCPAFDVAAACAGFTYALSVADQYVKSGAVKYALVVGSDVLARTCDPTDRGTIIIFGDGAGAAVLAASEEPGIISTHLHADGSYGELLTLPNADRVNPENSIHLTMAGNEVFKVAVTELAHIVDETLAANNLDRSQLDWLVPHQANLRIISATAKKLGMSMDNVVVTLDRHGNTSAASVPCALDEAVRDGRIKPGQLVLLEAFGGGFTWGSALVRF","Qiu, X., Janson, C.A., Konstantinidis, A.K., Nwagwu, S., Silverman, C., Smith, W.W., Khandekar, S., Lonsdale, J., Abdel-Meguid, S.S.","J.Biol.Chem."
"1HND","A","CRYSTAL STRUCTURE OF BETA-KETOACYL-ACP SYNTHASE III-COA COMPLEX","2000-12-07","1.60","COA","C21 H36 N7 O16 P3 S","COENZYME A","CC(C)(CO[P@](=O)(O)O[P@@](=O)(O)OC[C@@H]1[C@H]([C@H]([C@@H](O1)n2cnc3c2ncnc3N)O)OP(=O)(O)O)[C@H](C(=O)NCCC(=O)NCCS)O","Escherichia coli","562","Escherichia coli","11243824","MYTKIIGTGSYLPEQVRTNADLEKMVDTSDEWIVTRTGIRERHIAAPNETVSTMGFEAATRAIEMAGIEKDQIGLIVVATTSATHAFPSAACQIQSMLGIKGCPAFDVAAACAGFTYALSVADQYVKSGAVKYALVVGSDVLARTCDPTDRGTIIIFGDGAGAAVLAASEEPGIISTHLHADGSYGELLTLPNADRVNPENSIHLTMAGNEVFKVAVTELAHIVDETLAANNLDRSQLDWLVPHQANLRIISATAKKLGMSMDNVVVTLDRHGNTSAASVPCALDEAVRDGRIKPGQLVLLEAFGGGFTWGSALVRF","Qiu, X., Janson, C.A., Smith, W.W., Head, M., Lonsdale, J., Konstantinidis, A.K.","J.Mol.Biol."
"1HNH","A","CRYSTAL STRUCTURE OF BETA-KETOACYL-ACP SYNTHASE III + DEGRADED FORM OF ACETYL-COA","2000-12-07","1.90","COA","C21 H36 N7 O16 P3 S","COENZYME A","CC(C)(CO[P@](=O)(O)O[P@@](=O)(O)OC[C@@H]1[C@H]([C@H]([C@@H](O1)n2cnc3c2ncnc3N)O)OP(=O)(O)O)[C@H](C(=O)NCCC(=O)NCCS)O","Escherichia coli","562","Escherichia coli","11243824","MYTKIIGTGSYLPEQVRTNADLEKMVDTSDEWIVTRTGIRERHIAAPNETVSTMGFEAATRAIEMAGIEKDQIGLIVVATTSATHAFPSAACQIQSMLGIKGCPAFDVAAACAGFTYALSVADQYVKSGAVKYALVVGSDVLARTCDPTDRGTIIIFGDGAGAAVLAASEEPGIISTHLHADGSYGELLTLPNADRVNPENSIHLTMAGNEVFKVAVTELAHIVDETLAANNLDRSQLDWLVPHQANLRIISATAKKLGMSMDNVVVTLDRHGNTSAASVPCALDEAVRDGRIKPGQLVLLEAFGGGFTWGSALVRF","Qiu, X., Janson, C.A., Smith, W.W., Head, M., Lonsdale, J., Konstantinidis, A.K.","J.Mol.Biol."
"1HNH","A","CRYSTAL STRUCTURE OF BETA-KETOACYL-ACP SYNTHASE III + DEGRADED FORM OF ACETYL-COA","2000-12-07","1.90","MSE","C5 H11 N O2 Se","SELENOMETHIONINE","C[Se]CC[C@@H](C(=O)O)N","Escherichia coli","562","Escherichia coli","11243824","MYTKIIGTGSYLPEQVRTNADLEKMVDTSDEWIVTRTGIRERHIAAPNETVSTMGFEAATRAIEMAGIEKDQIGLIVVATTSATHAFPSAACQIQSMLGIKGCPAFDVAAACAGFTYALSVADQYVKSGAVKYALVVGSDVLARTCDPTDRGTIIIFGDGAGAAVLAASEEPGIISTHLHADGSYGELLTLPNADRVNPENSIHLTMAGNEVFKVAVTELAHIVDETLAANNLDRSQLDWLVPHQANLRIISATAKKLGMSMDNVVVTLDRHGNTSAASVPCALDEAVRDGRIKPGQLVLLEAFGGGFTWGSALVRF","Qiu, X., Janson, C.A., Smith, W.W., Head, M., Lonsdale, J., Konstantinidis, A.K.","J.Mol.Biol."
"1HNH","A","CRYSTAL STRUCTURE OF BETA-KETOACYL-ACP SYNTHASE III + DEGRADED FORM OF ACETYL-COA","2000-12-07","1.90","SCY","C5 H9 N O3 S","S-ACETYL-CYSTEINE","CC(=O)SC[C@@H](C(=O)O)N","Escherichia coli","562","Escherichia coli","11243824","MYTKIIGTGSYLPEQVRTNADLEKMVDTSDEWIVTRTGIRERHIAAPNETVSTMGFEAATRAIEMAGIEKDQIGLIVVATTSATHAFPSAACQIQSMLGIKGCPAFDVAAACAGFTYALSVADQYVKSGAVKYALVVGSDVLARTCDPTDRGTIIIFGDGAGAAVLAASEEPGIISTHLHADGSYGELLTLPNADRVNPENSIHLTMAGNEVFKVAVTELAHIVDETLAANNLDRSQLDWLVPHQANLRIISATAKKLGMSMDNVVVTLDRHGNTSAASVPCALDEAVRDGRIKPGQLVLLEAFGGGFTWGSALVRF","Qiu, X., Janson, C.A., Smith, W.W., Head, M., Lonsdale, J., Konstantinidis, A.K.","J.Mol.Biol."
"1HNJ","A","CRYSTAL STRUCTURE OF BETA-KETOACYL-ACP SYNTHASE III + MALONYL-COA","2000-12-07","1.46","MLC","C24 H38 N7 O19 P3 S","MALONYL-COENZYME A","CC(C)(CO[P@@](=O)(O)O[P@@](=O)(O)OC[C@@H]1[C@H]([C@H]([C@@H](O1)n2cnc3c2ncnc3N)O)OP(=O)(O)O)[C@H](C(=O)NCCC(=O)NCCSC(=O)CC(=O)O)O","Escherichia coli","562","Escherichia coli","11243824","MYTKIIGTGSYLPEQVRTNADLEKMVDTSDEWIVTRTGIRERHIAAPNETVSTMGFEAATRAIEMAGIEKDQIGLIVVATTSATHAFPSAACQIQSMLGIKGCPAFDVAAACAGFTYALSVADQYVKSGAVKYALVVGSDVLARTCDPTDRGTIIIFGDGAGAAVLAASEEPGIISTHLHADGSYGELLTLPNADRVNPENSIHLTMAGNEVFKVAVTELAHIVDETLAANNLDRSQLDWLVPHQANLRIISATAKKLGMSMDNVVVTLDRHGNTSAASVPCALDEAVRDGRIKPGQLVLLEAFGGGFTWGSALVRF","Qiu, X., Janson, C.A., Smith, W.W., Head, M., Lonsdale, J., Konstantinidis, A.K.","J.Mol.Biol."
"1HNJ","A","CRYSTAL STRUCTURE OF BETA-KETOACYL-ACP SYNTHASE III + MALONYL-COA","2000-12-07","1.46","PO4","O4 P -3","PHOSPHATE ION","[O-]P(=O)([O-])[O-]","Escherichia coli","562","Escherichia coli","11243824","MYTKIIGTGSYLPEQVRTNADLEKMVDTSDEWIVTRTGIRERHIAAPNETVSTMGFEAATRAIEMAGIEKDQIGLIVVATTSATHAFPSAACQIQSMLGIKGCPAFDVAAACAGFTYALSVADQYVKSGAVKYALVVGSDVLARTCDPTDRGTIIIFGDGAGAAVLAASEEPGIISTHLHADGSYGELLTLPNADRVNPENSIHLTMAGNEVFKVAVTELAHIVDETLAANNLDRSQLDWLVPHQANLRIISATAKKLGMSMDNVVVTLDRHGNTSAASVPCALDEAVRDGRIKPGQLVLLEAFGGGFTWGSALVRF","Qiu, X., Janson, C.A., Smith, W.W., Head, M., Lonsdale, J., Konstantinidis, A.K.","J.Mol.Biol."
"1HNK","A","CRYSTAL STRUCTURE OF BETA-KETOACYL-ACP SYNTHASE III, APO TETRAGONAL FORM","2000-12-07","1.90","","","","","Escherichia coli","562","Escherichia coli","11243824","MYTKIIGTGSYLPEQVRTNADLEKMVDTSDEWIVTRTGIRERHIAAPNETVSTMGFEAATRAIEMAGIEKDQIGLIVVATTSATHAFPSAACQIQSMLGIKGCPAFDVAAACAGFTYALSVADQYVKSGAVKYALVVGSDVLARTCDPTDRGTIIIFGDGAGAAVLAASEEPGIISTHLHADGSYGELLTLPNADRVNPENSIHLTMAGNEVFKVAVTELAHIVDETLAANNLDRSQLDWLVPHQANLRIISATAKKLGMSMDNVVVTLDRHGNTSAASVPCALDEAVRDGRIKPGQLVLLEAFGGGFTWGSALVRF","Qiu, X., Janson, C.A., Smith, W.W., Head, M., Lonsdale, J., Konstantinidis, A.K.","J.Mol.Biol."
"1HZP","A","Crystal Structure of the Myobacterium Tuberculosis Beta-Ketoacyl-Acyl Carrier Protein Synthase III","2001-01-25","2.10","DAO","C12 H24 O2","LAURIC ACID","CCCCCCCCCCCC(=O)O","Mycobacterium tuberculosis","1773","Escherichia coli","11278743","MTEIATTSGARSVGLLSVGAYRPERVVTNDEICQHIDSSDEWIYTRTGIKTRRFAADDESAASMATEACRRALSNAGLSAADIDGVIVTTNTHFLQTPPAAPMVAASLGAKGILGFDLSAGCAGFGYALGAAADMIRGGGAATMLVVGTEKLSPTIDMYDRGNCFIFADGAAAVVVGETPFQGIGPTVAGSDGEQADAIRQDIDWITFAQNPSGPRPFVRLEGPAVFRWAAFKMGDVGRRAMDAAGVRPDQIDVFVPHQANSRINELLVKNLQLRPDAVVANDIEHTGNTSAASIPLAMAELLTTGAAKPGDLALLIGYGAGLSYAAQVVRMPKG","Scarsdale, J.N., Kazanina, G., He, X., Reynolds, K.A., Wright, H.T.","J.Biol.Chem."
"1HZP","A","Crystal Structure of the Myobacterium Tuberculosis Beta-Ketoacyl-Acyl Carrier Protein Synthase III","2001-01-25","2.10","GOL","C3 H8 O3","GLYCEROL","C(C(CO)O)O","Mycobacterium tuberculosis","1773","Escherichia coli","11278743","MTEIATTSGARSVGLLSVGAYRPERVVTNDEICQHIDSSDEWIYTRTGIKTRRFAADDESAASMATEACRRALSNAGLSAADIDGVIVTTNTHFLQTPPAAPMVAASLGAKGILGFDLSAGCAGFGYALGAAADMIRGGGAATMLVVGTEKLSPTIDMYDRGNCFIFADGAAAVVVGETPFQGIGPTVAGSDGEQADAIRQDIDWITFAQNPSGPRPFVRLEGPAVFRWAAFKMGDVGRRAMDAAGVRPDQIDVFVPHQANSRINELLVKNLQLRPDAVVANDIEHTGNTSAASIPLAMAELLTTGAAKPGDLALLIGYGAGLSYAAQVVRMPKG","Scarsdale, J.N., Kazanina, G., He, X., Reynolds, K.A., Wright, H.T.","J.Biol.Chem."
"1M1M","A","X-RAY CRYSTAL STRUCTURE OF MYCOBACTERIUM TUBERCULOSIS BETA-KETOACYL-ACYL CARRIER PROTEIN SYNTHASE III (MTFABH)","2002-06-19","2.70","","","","","Mycobacterium tuberculosis","1773","Escherichia coli","16040614","MGSSHHHHHHSSGLVPRGSHMTEIATTSGARSVGLLSVGAYRPERVVTNDEICQHIDSSDEWIYTRTGIKTRRFAADDESAASMATEACRRALSNAGLSAADIDGVIVTTNTHFLQTPPAAPMVAASLGAKGILGFDLSAGCAGFGYALGAAADMIRGGGAATMLVVGTEKLSPTIDMYDRGNCFIFADGAAAVVVGETPFQGIGPTVAGSDGEQADAIRQDIDWITFAQNPSGPRPFVRLEGPAVFRWAAFKMGDVGRRAMDAAGVRPDQIDVFVPHQANSRINELLVKNLQLRPDAVVANDIEHTGNTSAASIPLAMAELLTTGAAKPGDLALLIGYGAGLSYAAQVVRMPKG","Brown, A.K., Sridharan, S., Kremer, L., Lindenberg, S., Dover, L.G., Sacchettini, J.C., Besra, G.S.","J.Biol.Chem."
"1MZJ","A","Crystal Structure of the Priming beta-Ketosynthase from the R1128 Polyketide Biosynthetic Pathway","2002-10-08","2.10","ACE","C2 H4 O","ACETYL GROUP","CC=O","Streptomyces sp. R1128","140437","Escherichia coli BL21(DE3)","12429097","MPGLRVPERRFSRVLGVGSYRPRREVSNKEVCTWIDSTEEWIETRTGIRSRRIAEPDETIQVMGVAASRRALEHAGVDPAEIDLVVVSTMTNFVHTPPLSVAIAHELGADNAGGFDLSAACAGFCHALSIAADAVESGGSRHVLVVATERMTDVIDLADRSLSFLFGDGAGAAVVGPSDVPGIGPVVRGIDGTGLGSLHMSSSWDQYVEDPSVGRPALVMDGKRVFRWAVADVVPAAREALEVAGLTVGDLVAFVPHQANLRIIDVLVDRLGVPEHVVVSRDAEDTGNTSSASVALALDRLVRSGAVPGGGPALMIGFGAGLSYAGQALLLPDPPSTPA","Pan, H., Tsai, S., Meadows, E.S., Miercke, L.J., Keatinge-Clay, A.T., O'Connell, J., Khosla, C., Stroud, R.M.","Structure"
"1MZJ","A","Crystal Structure of the Priming beta-Ketosynthase from the R1128 Polyketide Biosynthetic Pathway","2002-10-08","2.10","COA","C21 H36 N7 O16 P3 S","COENZYME A","CC(C)(CO[P@](=O)(O)O[P@@](=O)(O)OC[C@@H]1[C@H]([C@H]([C@@H](O1)n2cnc3c2ncnc3N)O)OP(=O)(O)O)[C@H](C(=O)NCCC(=O)NCCS)O","Streptomyces sp. R1128","140437","Escherichia coli BL21(DE3)","12429097","MPGLRVPERRFSRVLGVGSYRPRREVSNKEVCTWIDSTEEWIETRTGIRSRRIAEPDETIQVMGVAASRRALEHAGVDPAEIDLVVVSTMTNFVHTPPLSVAIAHELGADNAGGFDLSAACAGFCHALSIAADAVESGGSRHVLVVATERMTDVIDLADRSLSFLFGDGAGAAVVGPSDVPGIGPVVRGIDGTGLGSLHMSSSWDQYVEDPSVGRPALVMDGKRVFRWAVADVVPAAREALEVAGLTVGDLVAFVPHQANLRIIDVLVDRLGVPEHVVVSRDAEDTGNTSSASVALALDRLVRSGAVPGGGPALMIGFGAGLSYAGQALLLPDPPSTPA","Pan, H., Tsai, S., Meadows, E.S., Miercke, L.J., Keatinge-Clay, A.T., O'Connell, J., Khosla, C., Stroud, R.M.","Structure"
"1MZS","A","CRYSTAL STRUCTURE OF BETA-KETOACYL-ACP SYNTHASE III WITH BOUND dichlorobenzyloxy-indole-carboxylic acid inhibitor","2002-10-09","2.10","669","C22 H21 Cl2 N O5","1-(5-CARBOXYPENTYL)-5-(2,6-DICHLOROBENZYLOXY)-1H-INDOLE-2-CARBOXYLIC ACID","c1cc(c(c(c1)Cl)COc2ccc3c(c2)cc(n3CCCCCC(=O)O)C(=O)O)Cl","Escherichia coli","562","Escherichia coli","12502353","MYTKIIGTGSYLPEQVRTNADLEKMVDTSDEWIVTRTGIRERHIAAPNETVSTMGFEAATRAIEMAGIEKDQIGLIVVATTSATHAFPSAACQIQSMLGIKGCPAFDVAAACAGFTYALSVADQYVKSGAVKYALVVGSDVLARTCDPTDRGTIIIFGDGAGAAVLAASEEPGIISTHLHADGSYGELLTLPNADRVNPENSIHLTMAGNEVFKVAVTELAHIVDETLAANNLDRSQLDWLVPHQANLRIISATAKKLGMSMDNVVVTLDRHGNTSAASVPCALDEAVRDGRIKPGQLVLLEAFGGGFTWGSALVRF","Daines, R.A., Pendrak, I., Sham, K., Van Aller, G.S., Konstantinidis, A.K., Lonsdale, J.T., Janson, C.A., Qiu, X., Brandt, M., Khandekar, S.S., Silverman, C., Head, M.S.","J.Med.Chem."
"1MZS","A","CRYSTAL STRUCTURE OF BETA-KETOACYL-ACP SYNTHASE III WITH BOUND dichlorobenzyloxy-indole-carboxylic acid inhibitor","2002-10-09","2.10","OCS","C3 H7 N O5 S","CYSTEINESULFONIC ACID","C([C@@H](C(=O)O)N)S(=O)(=O)O","Escherichia coli","562","Escherichia coli","12502353","MYTKIIGTGSYLPEQVRTNADLEKMVDTSDEWIVTRTGIRERHIAAPNETVSTMGFEAATRAIEMAGIEKDQIGLIVVATTSATHAFPSAACQIQSMLGIKGCPAFDVAAACAGFTYALSVADQYVKSGAVKYALVVGSDVLARTCDPTDRGTIIIFGDGAGAAVLAASEEPGIISTHLHADGSYGELLTLPNADRVNPENSIHLTMAGNEVFKVAVTELAHIVDETLAANNLDRSQLDWLVPHQANLRIISATAKKLGMSMDNVVVTLDRHGNTSAASVPCALDEAVRDGRIKPGQLVLLEAFGGGFTWGSALVRF","Daines, R.A., Pendrak, I., Sham, K., Van Aller, G.S., Konstantinidis, A.K., Lonsdale, J.T., Janson, C.A., Qiu, X., Brandt, M., Khandekar, S.S., Silverman, C., Head, M.S.","J.Med.Chem."
"1MZS","A","CRYSTAL STRUCTURE OF BETA-KETOACYL-ACP SYNTHASE III WITH BOUND dichlorobenzyloxy-indole-carboxylic acid inhibitor","2002-10-09","2.10","PO4","O4 P -3","PHOSPHATE ION","[O-]P(=O)([O-])[O-]","Escherichia coli","562","Escherichia coli","12502353","MYTKIIGTGSYLPEQVRTNADLEKMVDTSDEWIVTRTGIRERHIAAPNETVSTMGFEAATRAIEMAGIEKDQIGLIVVATTSATHAFPSAACQIQSMLGIKGCPAFDVAAACAGFTYALSVADQYVKSGAVKYALVVGSDVLARTCDPTDRGTIIIFGDGAGAAVLAASEEPGIISTHLHADGSYGELLTLPNADRVNPENSIHLTMAGNEVFKVAVTELAHIVDETLAANNLDRSQLDWLVPHQANLRIISATAKKLGMSMDNVVVTLDRHGNTSAASVPCALDEAVRDGRIKPGQLVLLEAFGGGFTWGSALVRF","Daines, R.A., Pendrak, I., Sham, K., Van Aller, G.S., Konstantinidis, A.K., Lonsdale, J.T., Janson, C.A., Qiu, X., Brandt, M., Khandekar, S.S., Silverman, C., Head, M.S.","J.Med.Chem."
"1U6E","A","1.85 Angstrom Crystal Structure of the C112A Mutant of Mycobacterium Tuberculosis Beta-Ketoacyl-Acyl Carrier Protein Synthase III (FabH)","2004-07-29","1.85","CL","Cl -1","CHLORIDE ION","[Cl-]","Mycobacterium tuberculosis","1773","Escherichia coli BL21(DE3)","15713483","MTEIATTSGARSVGLLSVGAYRPERVVTNDEICQHIDSSDEWIYTRTGIKTRRFAADDESAASMATEACRRALSNAGLSAADIDGVIVTTNTHFLQTPPAAPMVAASLGAKGILGFDLSAGAAGFGYALGAAADMIRGGGAATMLVVGTEKLSPTIDMYDRGNCFIFADGAAAVVVGETPFQGIGPTVAGSDGEQADAIRQDIDWITFAQNPSGPRPFVRLEGPAVFRWAAFKMGDVGRRAMDAAGVRPDQIDVFVPHQANSRINELLVKNLQLRPDAVVANDIEHTGNTSAASIPLAMAELLTTGAAKPGDLALLIGYGAGLSYAAQVVRMPKG","Musayev, F., Sachdeva, S., Scarsdale, J.N., Reynolds, K.A., Wright, H.T.","J.Mol.Biol."
"1U6S","A","Crystal Structure of the Complex Between Mycobacterium Tuberculosis Beta-Ketoacyl-Acyl Carrier Protein Synthase III and Lauroyl Coenzyme A","2004-07-30","2.30","DCC","C33 H58 N7 O17 P3 S","DODECYL-COA","CCCCCCCCCCCC(=O)SCCNC(=O)CCNC(=O)[C@@H](C(C)(C)CO[P@](=O)(O)O[P@](=O)(O)OC[C@@H]1[C@H]([C@H]([C@@H](O1)n2cnc3c2ncnc3N)O)OP(=O)(O)O)O","Mycobacterium tuberculosis","1773","Escherichia coli BL21(DE3)","15713483","MTEIATTSGARSVGLLSVGAYRPERVVTNDEICQHIDSSDEWIYTRTGIKTRRFAADDESAASMATEACRRALSNAGLSAADIDGVIVTTNTHFLQTPPAAPMVAASLGAKGILGFDLSAGAAGFGYALGAAADMIRGGGAATMLVVGTEKLSPTIDMYDRGNCFIFADGAAAVVVGETPFQGIGPTVAGSDGEQADAIRQDIDWITFAQNPSGPRPFVRLEGPAVFRWAAFKMGDVGRRAMDAAGVRPDQIDVFVPHQANSRINELLVKNLQLRPDAVVANDIEHTGNTSAASIPLAMAELLTTGAAKPGDLALLIGYGAGLSYAAQVVRMPKG","Musayev, F., Sachdeva, S., Scarsdale, J.N., Reynolds, K.A., Wright, H.T.","J.Mol.Biol."
"1UB7","A","The Crystal Analysis of Beta-Keroacyl-[Acyl Carrier Protein] Synthase III (FABH)From Thermus Thermophilus.","2003-03-31","2.30","CSO","C3 H7 N O3 S","S-HYDROXYCYSTEINE","C([C@@H](C(=O)O)N)SO","Thermus thermophilus","274","Escherichia coli BL21(DE3)","","MSGILALGAYVPERVMTNADFEAYLDTSDEWIVTRTGIKERRVAAEDEYTSDLAFKAVEDLLRRHPGALEGVDAVIVATNTPDALFPDTAALVQARFGLKAFAYDLLAGCPGWIYALAQAHALVEAGLAQKVLAVGAEALSKIIDWNDRATAVLFGDGGGAAVVGKVREGYGFRSFVLGADGTGAKELYHACVAPRLPDGTSMKNRLYMNGREVFKFAVRVMNTATLEAIEKAGLTPEDIRLFVPHQANLRIIDAARERLGLPWERVAVNVDRYGNTSTASIPLALKEAVDAGRIREGDHVLLVSFGAGLTWAAAVLTWGGA","Inagaki, E., Kuramitsu, S., Yokoyama, S., Miyano, M., Tahirov, T.H.","To be Published"
"1UB7","A","The Crystal Analysis of Beta-Keroacyl-[Acyl Carrier Protein] Synthase III (FABH)From Thermus Thermophilus.","2003-03-31","2.30","GOL","C3 H8 O3","GLYCEROL","C(C(CO)O)O","Thermus thermophilus","274","Escherichia coli BL21(DE3)","","MSGILALGAYVPERVMTNADFEAYLDTSDEWIVTRTGIKERRVAAEDEYTSDLAFKAVEDLLRRHPGALEGVDAVIVATNTPDALFPDTAALVQARFGLKAFAYDLLAGCPGWIYALAQAHALVEAGLAQKVLAVGAEALSKIIDWNDRATAVLFGDGGGAAVVGKVREGYGFRSFVLGADGTGAKELYHACVAPRLPDGTSMKNRLYMNGREVFKFAVRVMNTATLEAIEKAGLTPEDIRLFVPHQANLRIIDAARERLGLPWERVAVNVDRYGNTSTASIPLALKEAVDAGRIREGDHVLLVSFGAGLTWAAAVLTWGGA","Inagaki, E., Kuramitsu, S., Yokoyama, S., Miyano, M., Tahirov, T.H.","To be Published"
"1ZOW","A","Crystal Structure of S. aureus FabH, beta-ketoacyl carrier protein synthase III","2005-05-15","2.00","","","","","Staphylococcus aureus","1280","Escherichia coli","15987898","MNVGIKGFGAYAPEKIIDNAYFEQFLDTSDEWISKMTGIKERHWADDDQDTSDLAYEASVKAIADAGIQPEDIDMIIVATATGDMPFPTVANMLQERLGTGKVASMDQLAACSGFMYSMITAKQYVQSGDYHNILVVGADKLSKITDLTDRSTAVLFGDGAGAVIIGEVSEGRGIISYEMGSDGTGGKHLYLDKDTGKLKMNGREVFKFAVRIMGDASTRVVEKANLTSDDIDLFIPHQANIRIMESARERLGISKDKMSVSVNKYGNTSAASIPLSIDQELKNGKLKDDDTIVLVGFGGGLTWGAMTIKWGK","Qiu, X., Choudhry, A.E., Janson, C.A., Grooms, M., Daines, R.A., Lonsdale, J.T., Khandekar, S.S.","Protein Sci."
"2AHB","A","X-ray crystal structure of R46A,R161A mutant of Mycobacterium tuberculosis FabH","2005-07-27","2.00","","","","","Mycobacterium tuberculosis","1773","Escherichia coli","16040614","MGSSHHHHHHSSGLVPRGSVCMTEIATTSGARSVGLLSVGAYRPERVVTNDEICQHIDSSDEWIYTATGIKTRRFAADDESAASMATEACRRALSNAGLSAADIDGVIVTTNTHFLQTPPAAPMVAASLGAKGILGFDLSAGCAGFGYALGAAADMIRGGGAATMLVVGTEKLSPTIDMYDAGNCFIFADGAAAVVVGETPFQGIGPTVAGSDGEQADAIRQDIDWITFAQNPSGPRPFVRLEGPAVFRWAAFKMGDVGRRAMDAAGVRPDQIDVFVPHQANSRINELLVKNLQLRPDAVVANDIEHTGNTSAASIPLAMAELLTTGAAKPGDLALLIGYGAGLSYAAQVVRMPKG","Brown, A.K., Sridharan, S., Kremer, L., Lindenberg, S., Dover, L.G., Sacchettini, J.C., Besra, G.S.","J.Biol.Chem."
"2AJ9","A","X-ray crystal structure of W42A,R161A double mutant of Mycobacterium tuberculosis beta-ketoacyl-ACP synthase III","2005-08-01","2.50","","","","","Mycobacterium tuberculosis","1773","Escherichia coli","16040614","MGSSHHHHHHSSGLVPRGSVCMTEIATTSGARSVGLLSVGAYRPERVVTNDEICQHIDSSDEAIYTRTGIKTRRFAADDESAASMATEACRRALSNAGLSAADIDGVIVTTNTHFLQTPPAAPMVAASLGAKGILGFDLSAGCAGFGYALGAAADMIRGGGAATMLVVGTEKLSPTIDMYDAGNCFIFADGAAAVVVGETPFQGIGPTVAGSDGEQADAIRQDIDWITFAQNPSGPRPFVRLEGPAVFRWAAFKMGDVGRRAMDAAGVRPDQIDVFVPHQANSRINELLVKNLQLRPDAVVANDIEHTGNTSAASIPLAMAELLTTGAAKPGDLALLIGYGAGLSYAAQVVRMPKG","Brown, A.K., Sridharan, S., Kremer, L., Lindenberg, S., Dover, L.G., Sacchettini, J.C., Besra, G.S.","J.Biol.Chem."
"2EBD","A","Crystal structure of 3-oxoacyl-[acyl-carrier-protein] synthase III from Aquifex aeolicus VF5","2007-02-08","2.10","","","","","Aquifex aeolicus","63363","Escherichia coli","","MGTKIIGTGVYLPKNVLTNFDLEKIVDTSDEWITTRTGIKERRIAKEETITYMATQAAKEALREANLSPEELDLIILATLTPQKRFPSTACLVQAQLKAKGVYAFDISAACSGFIYALDIADSFIKSGKAKNVLVIGAEKLSEAVDWEDRSTCVLFGDGAGAVVVTRSEDKSDILATRMYAEGSLEELLHADNCGYIRMKGRELFKVAVRSMEEVCREVLEKAGVKPEEVSLVIPHQANVRIINALAEKLNIPKEKVFVNIQKYGNTSAASIPIALHEAIKEGKVKRGDLILMTAMGGGLTWGAVLLRY","Kumarevel, T.S., Kuramitsu, S., Yokoyama, S.","To be Published"
"2EFT","A","Methanethiol-CYS 112 inhibition complex of E. coli ketoacyl synthase III (FABH) and Coenzyme A (high concentration (1.7mM) soak)","2007-02-24","2.00","COA","C21 H36 N7 O16 P3 S","COENZYME A","CC(C)(CO[P@](=O)(O)O[P@@](=O)(O)OC[C@@H]1[C@H]([C@H]([C@@H](O1)n2cnc3c2ncnc3N)O)OP(=O)(O)O)[C@H](C(=O)NCCC(=O)NCCS)O","Escherichia coli","562","Escherichia coli","17524982","MYTKIIGTGSYLPEQVRTNADLEKMVDTSDEWIVTRTGIRERHIAAPNETVSTMGFEAATRAIEMAGIEKDQIGLIVVATTSATHAFPSAACQIQSMLGIKGCPAFDVAAACAGFTYALSVADQYVKSGAVKYALVVGSDVLARTCDPTDRGTIIIFGDGAGAAVLAASEEPGIISTHLHADGSYGELLTLPNADRVNPENSIHLTMAGNEVFKVAVTELAHIVDETLAANNLDRSQLDWLVPHQANLRIISATAKKLGMSMDNVVVTLDRHGNTSAASVPCALDEAVRDGRIKPGQLVLLEAFGGGFTWGSALVRF","Alhamadsheh, M.M., Musayev, F., Komissarov, A.A., Sachdeva, S., Wright, H.T., Scarsdale, N., Florova, G., Reynolds, K.A.","Chem.Biol."
"2EFT","A","Methanethiol-CYS 112 inhibition complex of E. coli ketoacyl synthase III (FABH) and Coenzyme A (high concentration (1.7mM) soak)","2007-02-24","2.00","MEE","C H4 S","METHANETHIOL","CS","Escherichia coli","562","Escherichia coli","17524982","MYTKIIGTGSYLPEQVRTNADLEKMVDTSDEWIVTRTGIRERHIAAPNETVSTMGFEAATRAIEMAGIEKDQIGLIVVATTSATHAFPSAACQIQSMLGIKGCPAFDVAAACAGFTYALSVADQYVKSGAVKYALVVGSDVLARTCDPTDRGTIIIFGDGAGAAVLAASEEPGIISTHLHADGSYGELLTLPNADRVNPENSIHLTMAGNEVFKVAVTELAHIVDETLAANNLDRSQLDWLVPHQANLRIISATAKKLGMSMDNVVVTLDRHGNTSAASVPCALDEAVRDGRIKPGQLVLLEAFGGGFTWGSALVRF","Alhamadsheh, M.M., Musayev, F., Komissarov, A.A., Sachdeva, S., Wright, H.T., Scarsdale, N., Florova, G., Reynolds, K.A.","Chem.Biol."
"2EFT","A","Methanethiol-CYS 112 inhibition complex of E. coli ketoacyl synthase III (FABH) and Coenzyme A (high concentration (1.7mM) soak)","2007-02-24","2.00","SO4","O4 S -2","SULFATE ION","[O-]S(=O)(=O)[O-]","Escherichia coli","562","Escherichia coli","17524982","MYTKIIGTGSYLPEQVRTNADLEKMVDTSDEWIVTRTGIRERHIAAPNETVSTMGFEAATRAIEMAGIEKDQIGLIVVATTSATHAFPSAACQIQSMLGIKGCPAFDVAAACAGFTYALSVADQYVKSGAVKYALVVGSDVLARTCDPTDRGTIIIFGDGAGAAVLAASEEPGIISTHLHADGSYGELLTLPNADRVNPENSIHLTMAGNEVFKVAVTELAHIVDETLAANNLDRSQLDWLVPHQANLRIISATAKKLGMSMDNVVVTLDRHGNTSAASVPCALDEAVRDGRIKPGQLVLLEAFGGGFTWGSALVRF","Alhamadsheh, M.M., Musayev, F., Komissarov, A.A., Sachdeva, S., Wright, H.T., Scarsdale, N., Florova, G., Reynolds, K.A.","Chem.Biol."
"2GYO","A","Methanethiol-Cys 112 Inhibition Complex of E. Coli Ketoacyl Synthase III (FabH) and Coenzyme A","2006-05-09","2.00","COA","C21 H36 N7 O16 P3 S","COENZYME A","CC(C)(CO[P@](=O)(O)O[P@@](=O)(O)OC[C@@H]1[C@H]([C@H]([C@@H](O1)n2cnc3c2ncnc3N)O)OP(=O)(O)O)[C@H](C(=O)NCCC(=O)NCCS)O","Escherichia coli","562","Escherichia coli","17524982","MYTKIIGTGSYLPEQVRTNADLEKMVDTSDEWIVTRTGIRERHIAAPNETVSTMGFEAATRAIEMAGIEKDQIGLIVVATTSATHAFPSAACQIQSMLGIKGCPAFDVAAACAGFTYALSVADQYVKSGAVKYALVVGSDVLARTCDPTDRGTIIIFGDGAGAAVLAASEEPGIISTHLHADGSYGELLTLPNADRVNPENSIHLTMAGNEVFKVAVTELAHIVDETLAANNLDRSQLDWLVPHQANLRIISATAKKLGMSMDNVVVTLDRHGNTSAASVPCALDEAVRDGRIKPGQLVLLEAFGGGFTWGSALVRF","Alhamadsheh, M.M., Musayev, F., Komissarov, A.A., Sachdeva, S., Wright, H.T., Scarsdale, N., Florova, G., Reynolds, K.A.","Chem.Biol."
"2GYO","A","Methanethiol-Cys 112 Inhibition Complex of E. Coli Ketoacyl Synthase III (FabH) and Coenzyme A","2006-05-09","2.00","MEE","C H4 S","METHANETHIOL","CS","Escherichia coli","562","Escherichia coli","17524982","MYTKIIGTGSYLPEQVRTNADLEKMVDTSDEWIVTRTGIRERHIAAPNETVSTMGFEAATRAIEMAGIEKDQIGLIVVATTSATHAFPSAACQIQSMLGIKGCPAFDVAAACAGFTYALSVADQYVKSGAVKYALVVGSDVLARTCDPTDRGTIIIFGDGAGAAVLAASEEPGIISTHLHADGSYGELLTLPNADRVNPENSIHLTMAGNEVFKVAVTELAHIVDETLAANNLDRSQLDWLVPHQANLRIISATAKKLGMSMDNVVVTLDRHGNTSAASVPCALDEAVRDGRIKPGQLVLLEAFGGGFTWGSALVRF","Alhamadsheh, M.M., Musayev, F., Komissarov, A.A., Sachdeva, S., Wright, H.T., Scarsdale, N., Florova, G., Reynolds, K.A.","Chem.Biol."
"2QNX","A","Crystal structure of the complex between the mycobacterium beta-ketoacyl-acyl carrier protein synthase III (FABH) and 11-[(decyloxycarbonyl)dithio]-undecanoic acid","2007-07-19","2.70","MDX","C11 H22 O2 S","11-MERCAPTOUNDECANOIC ACID","C(CCCCCS)CCCCC(=O)O","Mycobacterium tuberculosis","1773","Escherichia coli","18420147","MTEIATTSGARSVGLLSVGAYRPERVVTNDEICQHIDSSDEWIYTRTGIKTRRFAADDESAASMATEACRRALSNAGLSAADIDGVIVTTNTHFLQTPPAAPMVAASLGAKGILGFDLSAGCAGFGYALGAAADMIRGGGAATMLVVGTEKLSPTIDMYDRGNCFIFADGAAAVVVGETPFQGIGPTVAGSDGEQADAIRQDIDWITFAQNPSGPRPFVRLEGPAVFRWAAFKMGDVGRRAMDAAGVRPDQIDVFVPHQANSRINELLVKNLQLRPDAVVANDIEHTGNTSAASIPLAMAELLTTGAAKPGDLALLIGYGAGLSYAAQVVRMPKG","Sachdeva, S., Musayev, F.N., Alhamadsheh, M.M., Scarsdale, J.N., Wright, H.T., Reynolds, K.A.","Chem.Biol."
"2QNX","A","Crystal structure of the complex between the mycobacterium beta-ketoacyl-acyl carrier protein synthase III (FABH) and 11-[(decyloxycarbonyl)dithio]-undecanoic acid","2007-07-19","2.70","UDT","C11 H22 O2 S","O-DECYL HYDROGEN THIOCARBONATE","CCCCCCCCCCOC(=O)S","Mycobacterium tuberculosis","1773","Escherichia coli","18420147","MTEIATTSGARSVGLLSVGAYRPERVVTNDEICQHIDSSDEWIYTRTGIKTRRFAADDESAASMATEACRRALSNAGLSAADIDGVIVTTNTHFLQTPPAAPMVAASLGAKGILGFDLSAGCAGFGYALGAAADMIRGGGAATMLVVGTEKLSPTIDMYDRGNCFIFADGAAAVVVGETPFQGIGPTVAGSDGEQADAIRQDIDWITFAQNPSGPRPFVRLEGPAVFRWAAFKMGDVGRRAMDAAGVRPDQIDVFVPHQANSRINELLVKNLQLRPDAVVANDIEHTGNTSAASIPLAMAELLTTGAAKPGDLALLIGYGAGLSYAAQVVRMPKG","Sachdeva, S., Musayev, F.N., Alhamadsheh, M.M., Scarsdale, J.N., Wright, H.T., Reynolds, K.A.","Chem.Biol."
"2QNY","A","Crystal structure of the complex between the A246F mutant of mycobacterium beta-ketoacyl-acyl carrier protein synthase III (FABH) and SS-(2-hydroxyethyl) O-decyl ester carbono(dithioperoxoic) acid","2007-07-19","2.15","BME","C2 H6 O S","BETA-MERCAPTOETHANOL","C(CS)O","Mycobacterium tuberculosis","1773","Escherichia coli","18420147","MTEIATTSGARSVGLLSVGAYRPERVVTNDEICQHIDSSDEWIYTRTGIKTRRFAADDESAASMATEACRRALSNAGLSAADIDGVIVTTNTHFLQTPPAAPMVAASLGAKGILGFDLSAGCAGFGYALGAAADMIRGGGAATMLVVGTEKLSPTIDMYDRGNCFIFADGAAAVVVGETPFQGIGPTVAGSDGEQADAIRQDIDWITFAQNPSGPRPFVRLEGPAVFRWAAFKMGDVGRRAMDAAGVRPDQIDVFVPHQFNSRINELLVKNLQLRPDAVVANDIEHTGNTSAASIPLAMAELLTTGAAKPGDLALLIGYGAGLSYAAQVVRMPKG","Sachdeva, S., Musayev, F.N., Alhamadsheh, M.M., Scarsdale, J.N., Wright, H.T., Reynolds, K.A.","Chem.Biol."
"2QNY","A","Crystal structure of the complex between the A246F mutant of mycobacterium beta-ketoacyl-acyl carrier protein synthase III (FABH) and SS-(2-hydroxyethyl) O-decyl ester carbono(dithioperoxoic) acid","2007-07-19","2.15","DFD","C11 H22 O2","DECYL FORMATE","CCCCCCCCCCOC=O","Mycobacterium tuberculosis","1773","Escherichia coli","18420147","MTEIATTSGARSVGLLSVGAYRPERVVTNDEICQHIDSSDEWIYTRTGIKTRRFAADDESAASMATEACRRALSNAGLSAADIDGVIVTTNTHFLQTPPAAPMVAASLGAKGILGFDLSAGCAGFGYALGAAADMIRGGGAATMLVVGTEKLSPTIDMYDRGNCFIFADGAAAVVVGETPFQGIGPTVAGSDGEQADAIRQDIDWITFAQNPSGPRPFVRLEGPAVFRWAAFKMGDVGRRAMDAAGVRPDQIDVFVPHQFNSRINELLVKNLQLRPDAVVANDIEHTGNTSAASIPLAMAELLTTGAAKPGDLALLIGYGAGLSYAAQVVRMPKG","Sachdeva, S., Musayev, F.N., Alhamadsheh, M.M., Scarsdale, J.N., Wright, H.T., Reynolds, K.A.","Chem.Biol."
"2QNZ","A","Crystal structure of the complex between the mycobacterium beta-ketoacyl-acyl carrier protein synthase III (FABH) and SS-(2-hydroxyethyl)-O-decyl ester carbono(dithioperoxoic) acid","2007-07-19","2.30","BME","C2 H6 O S","BETA-MERCAPTOETHANOL","C(CS)O","Mycobacterium tuberculosis","1773","Escherichia coli","18420147","MTEIATTSGARSVGLLSVGAYRPERVVTNDEICQHIDSSDEWIYTRTGIKTRRFAADDESAASMATEACRRALSNAGLSAADIDGVIVTTNTHFLQTPPAAPMVAASLGAKGILGFDLSAGCAGFGYALGAAADMIRGGGAATMLVVGTEKLSPTIDMYDRGNCFIFADGAAAVVVGETPFQGIGPTVAGSDGEQADAIRQDIDWITFAQNPSGPRPFVRLEGPAVFRWAAFKMGDVGRRAMDAAGVRPDQIDVFVPHQANSRINELLVKNLQLRPDAVVANDIEHTGNTSAASIPLAMAELLTTGAAKPGDLALLIGYGAGLSYAAQVVRMPKG","Sachdeva, S., Musayev, F.N., Alhamadsheh, M.M., Scarsdale, J.N., Wright, H.T., Reynolds, K.A.","Chem.Biol."
"2QNZ","A","Crystal structure of the complex between the mycobacterium beta-ketoacyl-acyl carrier protein synthase III (FABH) and SS-(2-hydroxyethyl)-O-decyl ester carbono(dithioperoxoic) acid","2007-07-19","2.30","DFD","C11 H22 O2","DECYL FORMATE","CCCCCCCCCCOC=O","Mycobacterium tuberculosis","1773","Escherichia coli","18420147","MTEIATTSGARSVGLLSVGAYRPERVVTNDEICQHIDSSDEWIYTRTGIKTRRFAADDESAASMATEACRRALSNAGLSAADIDGVIVTTNTHFLQTPPAAPMVAASLGAKGILGFDLSAGCAGFGYALGAAADMIRGGGAATMLVVGTEKLSPTIDMYDRGNCFIFADGAAAVVVGETPFQGIGPTVAGSDGEQADAIRQDIDWITFAQNPSGPRPFVRLEGPAVFRWAAFKMGDVGRRAMDAAGVRPDQIDVFVPHQANSRINELLVKNLQLRPDAVVANDIEHTGNTSAASIPLAMAELLTTGAAKPGDLALLIGYGAGLSYAAQVVRMPKG","Sachdeva, S., Musayev, F.N., Alhamadsheh, M.M., Scarsdale, J.N., Wright, H.T., Reynolds, K.A.","Chem.Biol."
"2QO0","A","Crystal structure of the complex between the A246F mutant of mycobacterium beta-ketoacyl-acyl carrier protein synthase III (FABH) and 11-(decyldithiocarbonyloxy)-undecanoic acid","2007-07-19","1.85","D1T","C10 H22 S","DECANE-1-THIOL","CCCCCCCCCCS","Mycobacterium tuberculosis","1773","Escherichia coli","18420147","MTEIATTSGARSVGLLSVGAYRPERVVTNDEICQHIDSSDEWIYTRTGIKTRRFAADDESAASMATEACRRALSNAGLSAADIDGVIVTTNTHFLQTPPAAPMVAASLGAKGILGFDLSAGCAGFGYALGAAADMIRGGGAATMLVVGTEKLSPTIDMYDRGNCFIFADGAAAVVVGETPFQGIGPTVAGSDGEQADAIRQDIDWITFAQNPSGPRPFVRLEGPAVFRWAAFKMGDVGRRAMDAAGVRPDQIDVFVPHQFNSRINELLVKNLQLRPDAVVANDIEHTGNTSAASIPLAMAELLTTGAAKPGDLALLIGYGAGLSYAAQVVRMPKG","Sachdeva, S., Musayev, F.N., Alhamadsheh, M.M., Scarsdale, J.N., Wright, H.T., Reynolds, K.A.","Chem.Biol."
"2QO1","A","2.6 Angstrom Crystal Structure of the Complex Between 11-(decyldithiocarbonyloxy)-undecanoic acid and Mycobacterium Tuberculosis FabH.","2007-07-19","2.60","D1T","C10 H22 S","DECANE-1-THIOL","CCCCCCCCCCS","Mycobacterium tuberculosis","1773","Escherichia coli","18420147","MTEIATTSGARSVGLLSVGAYRPERVVTNDEICQHIDSSDEWIYTRTGIKTRRFAADDESAASMATEACRRALSNAGLSAADIDGVIVTTNTHFLQTPPAAPMVAASLGAKGILGFDLSAGCAGFGYALGAAADMIRGGGAATMLVVGTEKLSPTIDMYDRGNCFIFADGAAAVVVGETPFQGIGPTVAGSDGEQADAIRQDIDWITFAQNPSGPRPFVRLEGPAVFRWAAFKMGDVGRRAMDAAGVRPDQIDVFVPHQANSRINELLVKNLQLRPDAVVANDIEHTGNTSAASIPLAMAELLTTGAAKPGDLALLIGYGAGLSYAAQVVRMPKG","Sachdeva, S., Musayev, F.N., Alhamadsheh, M.M., Scarsdale, J.N., Wright, H.T., Reynolds, K.A.","Chem.Biol."
"2QO1","A","2.6 Angstrom Crystal Structure of the Complex Between 11-(decyldithiocarbonyloxy)-undecanoic acid and Mycobacterium Tuberculosis FabH.","2007-07-19","2.60","VZZ","C12 H22 O4 S","11-[(MERCAPTOCARBONYL)OXY]UNDECANOIC ACID","C(CCCCCOC(=O)S)CCCCC(=O)O","Mycobacterium tuberculosis","1773","Escherichia coli","18420147","MTEIATTSGARSVGLLSVGAYRPERVVTNDEICQHIDSSDEWIYTRTGIKTRRFAADDESAASMATEACRRALSNAGLSAADIDGVIVTTNTHFLQTPPAAPMVAASLGAKGILGFDLSAGCAGFGYALGAAADMIRGGGAATMLVVGTEKLSPTIDMYDRGNCFIFADGAAAVVVGETPFQGIGPTVAGSDGEQADAIRQDIDWITFAQNPSGPRPFVRLEGPAVFRWAAFKMGDVGRRAMDAAGVRPDQIDVFVPHQANSRINELLVKNLQLRPDAVVANDIEHTGNTSAASIPLAMAELLTTGAAKPGDLALLIGYGAGLSYAAQVVRMPKG","Sachdeva, S., Musayev, F.N., Alhamadsheh, M.M., Scarsdale, J.N., Wright, H.T., Reynolds, K.A.","Chem.Biol."
"2QX1","A","Crystal structure of the complex between mycobacterium tuberculosis beta-ketoacyl-acyl carrier protein synthase III (FABH) and decyl-COA disulfide","2007-08-10","2.60","COA","C21 H36 N7 O16 P3 S","COENZYME A","CC(C)(CO[P@](=O)(O)O[P@@](=O)(O)OC[C@@H]1[C@H]([C@H]([C@@H](O1)n2cnc3c2ncnc3N)O)OP(=O)(O)O)[C@H](C(=O)NCCC(=O)NCCS)O","Mycobacterium tuberculosis","1773","Escherichia coli","18096200","MTEIATTSGARSVGLLSVGAYRPERVVTNDEICQHIDSSDEWIYTRTGIKTRRFAADDESAASMATEACRRALSNAGLSAADIDGVIVTTNTHFLQTPPAAPMVAASLGAKGILGFDLSAGCAGFGYALGAAADMIRGGGAATMLVVGTEKLSPTIDMYDRGNCFIFADGAAAVVVGETPFQGIGPTVAGSDGEQADAIRQDIDWITFAQNPSGPRPFVRLEGPAVFRWAAFKMGDVGRRAMDAAGVRPDQIDVFVPHQANSRINELLVKNLQLRPDAVVANDIEHTGNTSAASIPLAMAELLTTGAAKPGDLALLIGYGAGLSYAAQVVRMPKG","Sachdeva, S., Musayev, F., Alhamadsheh, M.M., Neel Scarsdale, J., Tonie Wright, H., Reynolds, K.A.","Bioorg.Chem."
"2QX1","A","Crystal structure of the complex between mycobacterium tuberculosis beta-ketoacyl-acyl carrier protein synthase III (FABH) and decyl-COA disulfide","2007-08-10","2.60","D1T","C10 H22 S","DECANE-1-THIOL","CCCCCCCCCCS","Mycobacterium tuberculosis","1773","Escherichia coli","18096200","MTEIATTSGARSVGLLSVGAYRPERVVTNDEICQHIDSSDEWIYTRTGIKTRRFAADDESAASMATEACRRALSNAGLSAADIDGVIVTTNTHFLQTPPAAPMVAASLGAKGILGFDLSAGCAGFGYALGAAADMIRGGGAATMLVVGTEKLSPTIDMYDRGNCFIFADGAAAVVVGETPFQGIGPTVAGSDGEQADAIRQDIDWITFAQNPSGPRPFVRLEGPAVFRWAAFKMGDVGRRAMDAAGVRPDQIDVFVPHQANSRINELLVKNLQLRPDAVVANDIEHTGNTSAASIPLAMAELLTTGAAKPGDLALLIGYGAGLSYAAQVVRMPKG","Sachdeva, S., Musayev, F., Alhamadsheh, M.M., Neel Scarsdale, J., Tonie Wright, H., Reynolds, K.A.","Bioorg.Chem."
"2X3E","A","Crystal structure of 3-oxoacyl-(acyl carrier protein) synthase III, FabH from Pseudomonas aeruginosa PAO1","2010-01-24","1.81","","","","","Pseudomonas aeruginosa","287","ESCHERICHIA COLI BL21(DE3)","20419351","GMPRAAVVCGLGSYLPEAVLSNDMLAAELDTSDAWISSRTGVRQRHIAGDLGSGDLALRAASAALASAGLERVDAVVLATSTGDFCCPATAPRVAARLGLVGALAFDLSAAATGFVYGLASVGSLISAGLADSALLVGVDTFSHTLDPADRSTRALFGDGAGAVVLRAGDAEEEGALLAFDLGSDGHQFDLLMTPAVSRAERSSGQASNYFRMDGKAVFGQAVTQMSDSVRRVLDRVGWQASDLHHLVPHQANTRILAAVADQLDLPVERVVSNIAEVGNTVAASIPLALAHGLRQGILRDGGNMVLTGFGAGLTWGSVALRWPKIVPTMD","Oke, M., Carter, L.G., Johnson, K.A., Liu, H., Mcmahon, S.A., Yan, X., Kerou, M., Weikart, N.D., Kadi, N., Sheikh, M.A., Schmelz, S., Dorward, M., Zawadzki, M., Cozens, C., Falconer, H., Powers, H., Overton, I.M., Van Niekerk, C.A.J., Peng, X., Patel, P., Garrett, R.A., Prangishvili, D., Botting, C.H., Coote, P.J., Dryden, D.T.F., Barton, G.J., Schwarz-Linek, U., Challis, G.L., Taylor, G.L., White, M.F., Naismith, J.H.","J.Struct.Funct.Genomics"
"3FK5","A","Crystal structure of 3-oxoacyl-(acyl carrier protein) synthase III, FabH (Xoo4209) from Xanthomonas oryzae pv. oryzae KACC10331","2008-12-16","2.05","","","","","Xanthomonas oryzae","347","Escherichia coli","","MLFQNVSIAGLAHVDAPHTLTSKEINGRLQPTYDRLGIKTDVLGDVAGIHARRLWDQDVQASDAATQAARKALIDAGIGIEKIGLLVNTSVSRDYLEPSTASIVSGNLGVGDHCVTFDVANACLAFINGMDIAARMLERGEIDYALVVDGETANLVYEKTLERMTSPDVTEEEFRNELAALTLGCGAAAMVMARTELVPDAPRYKGGVTRSATEWNKLCRGNLDRMVTDTRLLLIEGIKLAQKTFLAARQVLGWAVDELDQFVIHQVSRPHTAAFVKSFGIDPAKVMTIFGEHGNIGPASVPIVLSKLKELGRLKKGDRIALLGIGSGLNCSMAEVVW","Natarajan, S., Huynh, K.-H., Kang, L.W.","To be Published"
"3GWA","A","1.6 Angstrom crystal structure of 3-oxoacyl-(acyl-carrier-protein) synthase III","2009-03-31","1.60","","","","","Burkholderia pseudomallei","28450","Escherichia coli","23382856","MAHHHHHHMGTLEAQTQGPGSMTPAAHPPRAAIADIAGHLPEQVLTNDVLAQLYPDWPAEKILAKTGIRERRIAAPRETAADLAYEAARKLFAQGAVGADQVDFVILCTQAPDYVLPTSACMLQHRLGIPTHAGALDVNLGCSGYVYGLSLAKGLVETGAARCVLLLTADTYSKYLHPLDKSVRTLFGDGASATAVIAEHGELERIGPFVFGTDGRGAPNLIVKAGLFREPKSADSAREHEDASGNVRTDEHLYMNGAEVMAFSLAEVPRAADRLLALAGEPRENIDCFVLHQANRFMLDALRKKMKIPEHKFPVLMEHCGNTVSSTLPLALETMRANGTLARGMRLMLLGFGVGYSWAGCLVNF","Baugh, L., Gallagher, L.A., Patrapuvich, R., Clifton, M.C., Gardberg, A.S., Edwards, T.E., Armour, B., Begley, D.W., Dieterich, S.H., Dranow, D.M., Abendroth, J., Fairman, J.W., Fox, D., Staker, B.L., Phan, I., Gillespie, A., Choi, R., Nakazawa-Hewitt, S., Nguyen, M.T., Napuli, A., Barrett, L., Buchko, G.W., Stacy, R., Myler, P.J., Stewart, L.J., Manoil, C., Van Voorhis, W.C.","Plos One"
"3GWE","A","2.1 Angstrom crystal structure of 3-oxoacyl-(acyl-carrier-protein) synthase III","2009-03-31","2.10","","","","","Burkholderia pseudomallei","28450","Escherichia coli","23382856","MAHHHHHHMGTLEAQTQGPGSMTPAAHPPRAAIADIAGHLPEQVLTNDVLAQLYPDWPAEKILAKTGIRERRIAAPRETAADLAYEAARKLFAQGAVGADQVDFVILCTQAPDYVLPTSACMLQHRLGIPTHAGALDVNLGCSGYVYGLSLAKGLVETGAARCVLLLTADTYSKYLHPLDKSVRTLFGDGASATAVIAEHGELERIGPFVFGTDGRGAPNLIVKAGLFREPKSADSAREHEDASGNVRTDEHLYMNGAEVMAFSLAEVPRAADRLLALAGEPRENIDCFVLHQANRFMLDALRKKMKIPEHKFPVLMEHCGNTVSSTLPLALETMRANGTLARGMRLMLLGFGVGYSWAGCLVNF","Baugh, L., Gallagher, L.A., Patrapuvich, R., Clifton, M.C., Gardberg, A.S., Edwards, T.E., Armour, B., Begley, D.W., Dieterich, S.H., Dranow, D.M., Abendroth, J., Fairman, J.W., Fox, D., Staker, B.L., Phan, I., Gillespie, A., Choi, R., Nakazawa-Hewitt, S., Nguyen, M.T., Napuli, A., Barrett, L., Buchko, G.W., Stacy, R., Myler, P.J., Stewart, L.J., Manoil, C., Van Voorhis, W.C.","Plos One"
"3H76","A","Crystal structure of PqsD, a key enzyme in Pseudomonas aeruginosa quinolone signal biosynthesis pathway","2009-04-24","1.80","","","","","Pseudomonas aeruginosa","287","Escherichia coli","19694421","GSHMASMTGGQQMGRGSENLYFQGNPILAGLGFSLPKRQVSNHDLVGRINTSDEFIVERTGVRTRYHVEPEQAVSALMVPAARQAIEAAGLLPEDIDLLLVNTLSPDHHDPSQACLIQPLLGLRHIPVLDIRAQCSGLLYGLQMARGQILAGLARHVLVVCGEVLSKRMDCSDRGRNLSILLGDGAGAVVVSAGESLEDGLLDLRLGADGNYFDLLMTAAPGSASPTFLDENVLREGGGEFLMRGRPMFEHASQTLVRIAGEMLAAHELTLDDIDHVICHQPNLRILDAVQEQLGIPQHKFAVTVDRLGNMASASTPVTLAMFWPDIQPGQRVLVLTYGSGATWGAALYRKPEEVNRPC","Bera, A.K., Atanasova, V., Robinson, H., Eisenstein, E., Coleman, J.P., Pesci, E.C., Parsons, J.F.","Biochemistry"
"3H77","A","Crystal structure of Pseudomonas aeruginosa PqsD in a covalent complex with anthranilate","2009-04-24","1.80","COW","C28 H41 N8 O17 P3 S","Anthraniloyl-coenzyme A","CC(C)(CO[P@@](=O)(O)O[P@@](=O)(O)OCC1[C@H]([C@H]([C@@H](O1)n2cnc3c2ncnc3N)O)OP(=O)(O)O)[C@H](C(=O)NCCC(=O)NCCSC(=O)c4ccccc4N)O","Pseudomonas aeruginosa","287","Escherichia coli","19694421","GSHMASMTGGQQMGRGSENLYFQGNPILAGLGFSLPKRQVSNHDLVGRINTSDEFIVERTGVRTRYHVEPEQAVSALMVPAARQAIEAAGLLPEDIDLLLVNTLSPDHHDPSQACLIQPLLGLRHIPVLDIRAQCSGLLYGLQMARGQILAGLARHVLVVCGEVLSKRMDCSDRGRNLSILLGDGAGAVVVSAGESLEDGLLDLRLGADGNYFDLLMTAAPGSASPTFLDENVLREGGGEFLMRGRPMFEHASQTLVRIAGEMLAAHELTLDDIDHVICHQPNLRILDAVQEQLGIPQHKFAVTVDRLGNMASASTPVTLAMFWPDIQPGQRVLVLTYGSGATWGAALYRKPEEVNRPC","Bera, A.K., Atanasova, V., Robinson, H., Eisenstein, E., Coleman, J.P., Pesci, E.C., Parsons, J.F.","Biochemistry"
"3H77","A","Crystal structure of Pseudomonas aeruginosa PqsD in a covalent complex with anthranilate","2009-04-24","1.80","CSJ","C10 H12 N2 O3 S","S-[(2-aminophenyl)carbonyl]-L-cysteine","c1ccc(c(c1)C(=O)SC[C@@H](C(=O)O)N)N","Pseudomonas aeruginosa","287","Escherichia coli","19694421","GSHMASMTGGQQMGRGSENLYFQGNPILAGLGFSLPKRQVSNHDLVGRINTSDEFIVERTGVRTRYHVEPEQAVSALMVPAARQAIEAAGLLPEDIDLLLVNTLSPDHHDPSQACLIQPLLGLRHIPVLDIRAQCSGLLYGLQMARGQILAGLARHVLVVCGEVLSKRMDCSDRGRNLSILLGDGAGAVVVSAGESLEDGLLDLRLGADGNYFDLLMTAAPGSASPTFLDENVLREGGGEFLMRGRPMFEHASQTLVRIAGEMLAAHELTLDDIDHVICHQPNLRILDAVQEQLGIPQHKFAVTVDRLGNMASASTPVTLAMFWPDIQPGQRVLVLTYGSGATWGAALYRKPEEVNRPC","Bera, A.K., Atanasova, V., Robinson, H., Eisenstein, E., Coleman, J.P., Pesci, E.C., Parsons, J.F.","Biochemistry"
"3H78","A","Crystal structure of Pseudomonas aeruginosa PqsD C112A mutant in complex with anthranilic acid","2009-04-24","1.70","BE2","C7 H7 N O2","2-AMINOBENZOIC ACID","c1ccc(c(c1)C(=O)O)N","Pseudomonas aeruginosa","287","Escherichia coli","19694421","GSHMASMTGGQQMGRGSENLYFQGNPILAGLGFSLPKRQVSNHDLVGRINTSDEFIVERTGVRTRYHVEPEQAVSALMVPAARQAIEAAGLLPEDIDLLLVNTLSPDHHDPSQACLIQPLLGLRHIPVLDIRAQASGLLYGLQMARGQILAGLARHVLVVCGEVLSKRMDCSDRGRNLSILLGDGAGAVVVSAGESLEDGLLDLRLGADGNYFDLLMTAAPGSASPTFLDENVLREGGGEFLMRGRPMFEHASQTLVRIAGEMLAAHELTLDDIDHVICHQPNLRILDAVQEQLGIPQHKFAVTVDRLGNMASASTPVTLAMFWPDIQPGQRVLVLTYGSGATWGAALYRKPEEVNRPC","Bera, A.K., Atanasova, V., Robinson, H., Eisenstein, E., Coleman, J.P., Pesci, E.C., Parsons, J.F.","Biochemistry"
"3IL3","A","Structure of Haemophilus influenzae FabH","2009-08-06","2.70","SCY","C5 H9 N O3 S","S-ACETYL-CYSTEINE","CC(=O)SC[C@@H](C(=O)O)N","Haemophilus influenzae","727","Escherichia coli","19665020","MHHHHHHMNSRILSTGSYLPSHIRTNADLEKMVDTSDEWIVTRSGIRERRIAAEDETVATMGFEAAKNAIEAAQINPQDIELIIVATTSHSHAYPSAACQVQGLLNIDDAISFDLAAACTGFVYALSVADQFIRAGKVKKALVIGSDLNSRKLDETDRSTVVLFGDGAGAVILEASEQEGIISTHLHASADKNNALVLAQPERGIEKSGYIEMQGNETFKLAVRELSNVVEETLLANNLDKKDLDWLVPHQANLRIITATAKKLEMDMSQVVVTLDKYANNSAATVPVALDEAIRDGRIQRGQLLLLEAFGGGWTWGSALVRF","Gajiwala, K.S., Margosiak, S., Lu, J., Cortez, J., Su, Y., Nie, Z., Appelt, K.","Febs Lett."
"3IL4","A","Structure of E. faecalis FabH in complex with acetyl CoA","2009-08-06","3.00","ACO","C23 H38 N7 O17 P3 S","ACETYL COENZYME *A","CC(=O)SCCNC(=O)CCNC(=O)[C@@H](C(C)(C)CO[P@](=O)(O)O[P@@](=O)(O)OC[C@@H]1[C@H]([C@H]([C@@H](O1)n2cnc3c2ncnc3N)O)OP(=O)(O)O)O","Enterococcus faecalis","1351","Escherichia coli","19665020","KNYARISCTSRYVPENCVTNHQLSEMMDTSDEWIHSRTGISERRIVTQENTSDLCHQVAKQLLEKSGKQASEIDFILVATVTPDFNMPSVACQVQGAIGATEAFAFDISAACSGFVYALSMAEKLVLSGRYQTGLVIGGETFSKMLDWTDRSTAVLFGDGAAGVLIEAAETPHFLNEKLQADGQRWTALTSGYTINESPFYQGHKQASKTLQMEGRSIFDFAIKDVSQNILSLVTDETVDYLLLHQASVRIIDKIARKTKISREKFLTNMDKYGNTSAASIPILLDEAVENGTLILGSQQRVVLTGFGGGLTWGSLLLTL","Gajiwala, K.S., Margosiak, S., Lu, J., Cortez, J., Su, Y., Nie, Z., Appelt, K.","Febs Lett."
"3IL4","A","Structure of E. faecalis FabH in complex with acetyl CoA","2009-08-06","3.00","CSO","C3 H7 N O3 S","S-HYDROXYCYSTEINE","C([C@@H](C(=O)O)N)SO","Enterococcus faecalis","1351","Escherichia coli","19665020","KNYARISCTSRYVPENCVTNHQLSEMMDTSDEWIHSRTGISERRIVTQENTSDLCHQVAKQLLEKSGKQASEIDFILVATVTPDFNMPSVACQVQGAIGATEAFAFDISAACSGFVYALSMAEKLVLSGRYQTGLVIGGETFSKMLDWTDRSTAVLFGDGAAGVLIEAAETPHFLNEKLQADGQRWTALTSGYTINESPFYQGHKQASKTLQMEGRSIFDFAIKDVSQNILSLVTDETVDYLLLHQASVRIIDKIARKTKISREKFLTNMDKYGNTSAASIPILLDEAVENGTLILGSQQRVVLTGFGGGLTWGSLLLTL","Gajiwala, K.S., Margosiak, S., Lu, J., Cortez, J., Su, Y., Nie, Z., Appelt, K.","Febs Lett."
"3IL5","A","Structure of E. faecalis FabH in complex with 2-({4-bromo-3-[(diethylamino)sulfonyl]benzoyl}amino)benzoic acid","2009-08-06","2.60","B82","C18 H19 Br N2 O5 S","2-({[4-bromo-3-(diethylsulfamoyl)phenyl]carbonyl}amino)benzoic acid","CCN(CC)S(=O)(=O)c1cc(ccc1Br)C(=O)Nc2ccccc2C(=O)O","Enterococcus faecalis","1351","Escherichia coli","19665020","MGSSHHHHHHSSGLVPRGSHMKNYARISCTSRYVPENCVTNHQLSEMMDTSDEWIHSRTGISERRIVTQENTSDLCHQVAKQLLEKSGKQASEIDFILVATVTPDFNMPSVACQVQGAIGATEAFAFDISAACSGFVYALSMAEKLVLSGRYQTGLVIGGETFSKMLDWTDRSTAVLFGDGAAGVLIEAAETPHFLNEKLQADGQRWAALTSGYTINESPFYQGHKQASKTLQMEGRSIFDFAIKDVSQNILSLVTDETVDYLLLHQANVRIIDKIARKTKISREKFLTNMDKYGNTSAASIPILLDEAVENGTLILGSQQRVVLTGFGGGLTWGSLLLTLEF","Gajiwala, K.S., Margosiak, S., Lu, J., Cortez, J., Su, Y., Nie, Z., Appelt, K.","Febs Lett."
"3IL6","A","Structure of E. faecalis FabH in complex with 2-({4-[(3R,5S)-3,5-dimethylpiperidin-1-yl]-3-phenoxybenzoyl}amino)benzoic acid","2009-08-06","2.50","B83","C27 H28 N2 O4","2-[({4-[(3R,5S)-3,5-dimethylpiperidin-1-yl]-3-phenoxyphenyl}carbonyl)amino]benzoic acid","C[C@@H]1C[C@@H](CN(C1)c2ccc(cc2Oc3ccccc3)C(=O)Nc4ccccc4C(=O)O)C","Enterococcus faecalis","1351","Escherichia coli","19665020","MKNYARISCTSRYVPENCVTNHQLSEMMDTSAAWIHSRTGISERRIVTQENTSDLCHQVAKQLLEKSGKQASEIDFILVATVTPDFNMPSVACQVQGAIGATEAFAFDISAACSGFVYALSMAEKLVLSGRYQTGLVIGGETFSKMLDWTDRSTAVLFGDGAAGVLIEAAETPHFLNEKLQADGQRWTALTSGYTINESPFYQGHKQASKTLQMEGRSIFDFAIKDVSQNILSLVTDETVDYLLLHQANVRIIDKIARKTKISREKFLTNMDKYGNTSAASIPILLDEAVENGTLILGSQQRVVLTGFGGGLTWGSLLLTL","Gajiwala, K.S., Margosiak, S., Lu, J., Cortez, J., Su, Y., Nie, Z., Appelt, K.","Febs Lett."
"3IL6","A","Structure of E. faecalis FabH in complex with 2-({4-[(3R,5S)-3,5-dimethylpiperidin-1-yl]-3-phenoxybenzoyl}amino)benzoic acid","2009-08-06","2.50","SCY","C5 H9 N O3 S","S-ACETYL-CYSTEINE","CC(=O)SC[C@@H](C(=O)O)N","Enterococcus faecalis","1351","Escherichia coli","19665020","MKNYARISCTSRYVPENCVTNHQLSEMMDTSAAWIHSRTGISERRIVTQENTSDLCHQVAKQLLEKSGKQASEIDFILVATVTPDFNMPSVACQVQGAIGATEAFAFDISAACSGFVYALSMAEKLVLSGRYQTGLVIGGETFSKMLDWTDRSTAVLFGDGAAGVLIEAAETPHFLNEKLQADGQRWTALTSGYTINESPFYQGHKQASKTLQMEGRSIFDFAIKDVSQNILSLVTDETVDYLLLHQANVRIIDKIARKTKISREKFLTNMDKYGNTSAASIPILLDEAVENGTLILGSQQRVVLTGFGGGLTWGSLLLTL","Gajiwala, K.S., Margosiak, S., Lu, J., Cortez, J., Su, Y., Nie, Z., Appelt, K.","Febs Lett."
"3IL6","A","Structure of E. faecalis FabH in complex with 2-({4-[(3R,5S)-3,5-dimethylpiperidin-1-yl]-3-phenoxybenzoyl}amino)benzoic acid","2009-08-06","2.50","SO4","O4 S -2","SULFATE ION","[O-]S(=O)(=O)[O-]","Enterococcus faecalis","1351","Escherichia coli","19665020","MKNYARISCTSRYVPENCVTNHQLSEMMDTSAAWIHSRTGISERRIVTQENTSDLCHQVAKQLLEKSGKQASEIDFILVATVTPDFNMPSVACQVQGAIGATEAFAFDISAACSGFVYALSMAEKLVLSGRYQTGLVIGGETFSKMLDWTDRSTAVLFGDGAAGVLIEAAETPHFLNEKLQADGQRWTALTSGYTINESPFYQGHKQASKTLQMEGRSIFDFAIKDVSQNILSLVTDETVDYLLLHQANVRIIDKIARKTKISREKFLTNMDKYGNTSAASIPILLDEAVENGTLILGSQQRVVLTGFGGGLTWGSLLLTL","Gajiwala, K.S., Margosiak, S., Lu, J., Cortez, J., Su, Y., Nie, Z., Appelt, K.","Febs Lett."
"3IL7","A","Crystal structure of S. aureus FabH","2009-08-06","2.60","","","","","Staphylococcus aureus","1280","Escherichia coli","19665020","MNVGIKGFGAYAPEKIIDNAYFEQFLDTSDEWISKMTGIKERHWADDDQDTSDLAYEASVKAIADAGIQPEDIDMIIVATATGDMPFPTVANMLQERLGTGKVASMDQLAACSGFMYSMITAKQYVQSGDYHNILVVGADKLSKITDLTDRSTAVLFGDGAGAVIIGEVSEGRGIISYEMGSDGTGGKHLYLDKDTGKLKMNGREVFKFAVRIMGDASTRVVEKANLTSDDIDLFIPHQANIRIMESARERLGISKDKMSVSVNKYGNTSAASIPLSIDQELKNGKLKDDDTIVLVGFGGGLTWGAMTIKWGK","Gajiwala, K.S., Margosiak, S., Lu, J., Cortez, J., Su, Y., Nie, Z., Appelt, K.","Febs Lett."
"3IL9","A","Structure of E. coli FabH","2009-08-06","1.85","CSD","C3 H7 N O4 S","3-SULFINOALANINE","C([C@@H](C(=O)O)N)[S@@](=O)O","Escherichia coli","562","Escherichia coli","19665020","MGHHHHHHHHHHSSGHIDDDDKHMYTKIIGTGSYLPEQVRTNADLEKMVDTSDEWIVTRTGIRERHIAAPNETVSTMGFEAATRAIEMAGIEKDQIGLIVVATTSATHAFPSAACQIQSMLGIKGCPAFDVAAACAGFTYALSVADQYVKSGAVKYALVVGSDVLARTCDPTDRGTIIIFGDGAGAAVLAASEEPGIISTHLHADGSYGELLTLPNADRVNPENSIHLTMAGNEVFKVAVTELAHIVDETLAANNLDRSQLDWLVPHQANLRIISATAKKLGMSMDNVVVTLDRHGNTSAASVPCALDEAVRDGRIKPGQLVLLEAFGGGFTWGSALVRF","Gajiwala, K.S., Margosiak, S., Lu, J., Cortez, J., Su, Y., Nie, Z., Appelt, K.","Febs Lett."
"3LED","A","Crystal structure of 3-oxoacyl-(acyl carrier protein) synthase III from Rhodopseudomonas palustris CGA009","2010-01-14","1.45","MSE","C5 H11 N O2 Se","SELENOMETHIONINE","C[Se]CC[C@@H](C(=O)O)N","Rhodopseudomonas palustris","1076","Escherichia coli","","MGSSHHHHHHSSGRENLYFQGVRPAVIAATGLYTPPDSVSNAELVEAFNTYVANFNAANKARIEAGEIEPLQPSSSEFIEKASGIKSRYVVAKPGIVDPDVMRPIIPERSNDELSILAEMAVTAAEQAIERWGKPRERIGAVLCACSNMQRAYPAMAIEVQNALGLGGFAFDMNVACSSATFGLKTAADFVGGGSVDAVLMVNPEICSGHLNFRDRDSHFIFGDVATAAIVERADDAQGGWSILGTKLKTQFSNNIRNNAGFLNRAWPEGRDKADKLFVQQGRKVFKEVVPLVSEMIIEHAREIGIDPHGLKRMWLHQANINMNEIIGRKVLGRDPTRDENVIILDDYANTSSAGSIIAFHKHQDDMAQGDLGLICSFGAGYSAGTVFVQKR","Chang, C., Xu, X., Cui, H., Chin, S., Savchenko, A., Edwards, A., Joachimiak, A.","To be Published"
"3S3L","A","Crystal Structure of CerJ from Streptomyces tendae","2011-05-18","2.00","ACT","C2 H3 O2 -1","ACETATE ION","CC(=O)[O-]","Streptomyces tendae","1932","Escherichia coli","22179067","MRWENLFVSGVAAWLPPLSTAQDAVMAGLLDPARSKLRGIESVTVASDAEEDAPPRMAARAARAALGRGDVDPADVSLVLHSSLWFQGIDLWPAASYVAHEAVGRHVPAFGLAQRCNGGMGAIELAGAYLGSGIGAGHAALLTTGDRFAGPRIDRWNSVDVTMYGDGAAALVLSTRDGFARVLSTATGVDNSLEILARGDEPFAPHPVEPSPVADLGTRTVRGAELADLPDLTHRYIDLLVAAKTQALEDAGTAIEDIAHAVIPVSRRGTGHELHDLLGLPDERTSWAYGRTTGHVGAGDQYAGLAHLVENALVQPGDRVLLFGGGAGYTCTAAVVEILRMPAQCMRGSRSHHHHHH","Bretschneider, T., Zocher, G., Unger, M., Scherlach, K., Stehle, T., Hertweck, C.","Nat.Chem.Biol."
"3S3L","A","Crystal Structure of CerJ from Streptomyces tendae","2011-05-18","2.00","CL","Cl -1","CHLORIDE ION","[Cl-]","Streptomyces tendae","1932","Escherichia coli","22179067","MRWENLFVSGVAAWLPPLSTAQDAVMAGLLDPARSKLRGIESVTVASDAEEDAPPRMAARAARAALGRGDVDPADVSLVLHSSLWFQGIDLWPAASYVAHEAVGRHVPAFGLAQRCNGGMGAIELAGAYLGSGIGAGHAALLTTGDRFAGPRIDRWNSVDVTMYGDGAAALVLSTRDGFARVLSTATGVDNSLEILARGDEPFAPHPVEPSPVADLGTRTVRGAELADLPDLTHRYIDLLVAAKTQALEDAGTAIEDIAHAVIPVSRRGTGHELHDLLGLPDERTSWAYGRTTGHVGAGDQYAGLAHLVENALVQPGDRVLLFGGGAGYTCTAAVVEILRMPAQCMRGSRSHHHHHH","Bretschneider, T., Zocher, G., Unger, M., Scherlach, K., Stehle, T., Hertweck, C.","Nat.Chem.Biol."
"3T5Y","A","Crystal structure of CerJ from Streptomyces tendae - malonic acid covalently linked to the catalytic Cystein C116","2011-07-28","2.12","ACT","C2 H3 O2 -1","ACETATE ION","CC(=O)[O-]","Streptomyces tendae","1932","Escherichia coli","22179067","MRWENLFVSGVAAWLPPLSTAQDAVMAGLLDPARSKLRGIESVTVASDAEEDAPPRMAARAARAALGRGDVDPADVSLVLHSSLWFQGIDLWPAASYVAHEAVGRHVPAFGLAQRCNGGMGAIELAGAYLGSGIGAGHAALLTTGDRFAGPRIDRWNSVDVTMYGDGAAALVLSTRDGFARVLSTATGVDNSLEILARGDEPFAPHPVEPSPVADLGTRTVRGAELADLPDLTHRYIDLLVAAKTQALEDAGTAIEDIAHAVIPVSRRGTGHELHDLLGLPDERTSWAYGRTTGHVGAGDQYAGLAHLVENALVQPGDRVLLFGGGAGYTCTAAVVEILRMPAQCMRGSRSHHHHHH","Bretschneider, T., Zocher, G., Unger, M., Scherlach, K., Stehle, T., Hertweck, C.","Nat.Chem.Biol."
"3T6S","A","Crystal structure of CerJ from Streptomyces tendae in Complex with CoA","2011-07-29","2.00","CSD","C3 H7 N O4 S","3-SULFINOALANINE","C([C@@H](C(=O)O)N)[S@@](=O)O","Streptomyces tendae","1932","Escherichia coli","22179067","MRWENLFVSGVAAWLPPLSTAQDAVMAGLLDPARSKLRGIESVTVASDAEEDAPPRMAARAARAALGRGDVDPADVSLVLHSSLWFQGIDLWPAASYVAHEAVGRHVPAFGLAQRCNGGMGAIELAGAYLGSGIGAGHAALLTTGDRFAGPRIDRWNSVDVTMYGDGAAALVLSTRDGFARVLSTATGVDNSLEILARGDEPFAPHPVEPSPVADLGTRTVRGAELADLPDLTHRYIDLLVAAKTQALEDAGTAIEDIAHAVIPVSRRGTGHELHDLLGLPDERTSWAYGRTTGHVGAGDQYAGLAHLVENALVQPGDRVLLFGGGAGYTCTAAVVEILRMPAQCMRGSRSHHHHHH","Bretschneider, T., Zocher, G., Unger, M., Scherlach, K., Stehle, T., Hertweck, C.","Nat.Chem.Biol."
"3T8E","A","Crystal structure of CerJ from Streptomyces tendae soaked with CerviK","2011-08-01","2.10","ACT","C2 H3 O2 -1","ACETATE ION","CC(=O)[O-]","Streptomyces tendae","1932","Escherichia coli","22179067","MRWENLFVSGVAAWLPPLSTAQDAVMAGLLDPARSKLRGIESVTVASDAEEDAPPRMAARAARAALGRGDVDPADVSLVLHSSLWFQGIDLWPAASYVAHEAVGRHVPAFGLAQRCNGGMGAIELAGAYLGSGIGAGHAALLTTGDRFAGPRIDRWNSVDVTMYGDGAAALVLSTRDGFARVLSTATGVDNSLEILARGDEPFAPHPVEPSPVADLGTRTVRGAELADLPDLTHRYIDLLVAAKTQALEDAGTAIEDIAHAVIPVSRRGTGHELHDLLGLPDERTSWAYGRTTGHVGAGDQYAGLAHLVENALVQPGDRVLLFGGGAGYTCTAAVVEILRMPAQCMRGSRSHHHHHH","Bretschneider, T., Zocher, G., Unger, M., Scherlach, K., Stehle, T., Hertweck, C.","Nat.Chem.Biol."
"3T8E","A","Crystal structure of CerJ from Streptomyces tendae soaked with CerviK","2011-08-01","2.10","CSD","C3 H7 N O4 S","3-SULFINOALANINE","C([C@@H](C(=O)O)N)[S@@](=O)O","Streptomyces tendae","1932","Escherichia coli","22179067","MRWENLFVSGVAAWLPPLSTAQDAVMAGLLDPARSKLRGIESVTVASDAEEDAPPRMAARAARAALGRGDVDPADVSLVLHSSLWFQGIDLWPAASYVAHEAVGRHVPAFGLAQRCNGGMGAIELAGAYLGSGIGAGHAALLTTGDRFAGPRIDRWNSVDVTMYGDGAAALVLSTRDGFARVLSTATGVDNSLEILARGDEPFAPHPVEPSPVADLGTRTVRGAELADLPDLTHRYIDLLVAAKTQALEDAGTAIEDIAHAVIPVSRRGTGHELHDLLGLPDERTSWAYGRTTGHVGAGDQYAGLAHLVENALVQPGDRVLLFGGGAGYTCTAAVVEILRMPAQCMRGSRSHHHHHH","Bretschneider, T., Zocher, G., Unger, M., Scherlach, K., Stehle, T., Hertweck, C.","Nat.Chem.Biol."
"4DFE","A","Crystal structure of 3-oxoacyl-[acyl-carrier-protein] synthase III from Burkholderia xenovorans","2012-01-23","2.35","CSO","C3 H7 N O3 S","S-HYDROXYCYSTEINE","C([C@@H](C(=O)O)N)SO","Paraburkholderia xenovorans","36873","Escherichia coli","23382856","GPGSMAQSTIYSRVLGTGSYLPPNRVTNQDLAKRLAEQGIETSDEWIVARTGIHARYFAEPDVTTSDLAFIASQRAIEAADIDPQSIDLIIVATSTPDFVFPSTACLLQNKLGIRNHGAAFDVQAVCSGFAYAVATADSFIRSGQHRTALVIGAETFSRILDFKDRTTCVLFGDGAGAVILQASDEPGVLASALHADGSHSNILCTPGNVNGGVVSGSAFLHMDGQAVFKLAVNVLEKVAVEALEKANLSAEQIDWLIPHQANIRIMQSTCRKLGLPQERMIVTVGEHGNTSAASIPLALDVAVRDGRIKRGQNVLIEGVGGGFTWGASVIRY","Baugh, L., Gallagher, L.A., Patrapuvich, R., Clifton, M.C., Gardberg, A.S., Edwards, T.E., Armour, B., Begley, D.W., Dieterich, S.H., Dranow, D.M., Abendroth, J., Fairman, J.W., Fox, D., Staker, B.L., Phan, I., Gillespie, A., Choi, R., Nakazawa-Hewitt, S., Nguyen, M.T., Napuli, A., Barrett, L., Buchko, G.W., Stacy, R., Myler, P.J., Stewart, L.J., Manoil, C., Van Voorhis, W.C.","Plos One"
"4EFI","A","Crystal Structure of 3-oxoacyl-(Acyl-carrier protein) Synthase from Burkholderia Xenovorans LB400","2012-03-29","1.35","CL","Cl -1","CHLORIDE ION","[Cl-]","Paraburkholderia xenovorans","36873","Escherichia coli","23382856","MSSPDFSAGRELRTQGARIAGVVSCVPSKQVDNDYFVERFDASAVRDVVKMIGVNRRRWADAQTSAGDLCRKAGEKLLAGLGWQADSIDALIFVSQTPNYRLPATAFVLQAELDLPASCLALDINLGCSGYPQALWLGMNLIQTGAAKRVLLAVGDTISKMIDPTDRSTSLLFGDAGTMTALETSNGDAAAHFIIGADGKGARNLIVPSGGFKPYDAAADERMAGKSPECLFMDGGEIFNFTLNAVPKLVSRTLDIAGRDKDSYDAFLFHQANLFMLKHLAKKAGLPAERVPVNIGEYGNTSCASIPLLITTELKDRLKEETLQLGMFGFGVGYSWASAALAVGPLNIVDTIET","Baugh, L., Gallagher, L.A., Patrapuvich, R., Clifton, M.C., Gardberg, A.S., Edwards, T.E., Armour, B., Begley, D.W., Dieterich, S.H., Dranow, D.M., Abendroth, J., Fairman, J.W., Fox, D., Staker, B.L., Phan, I., Gillespie, A., Choi, R., Nakazawa-Hewitt, S., Nguyen, M.T., Napuli, A., Barrett, L., Buchko, G.W., Stacy, R., Myler, P.J., Stewart, L.J., Manoil, C., Van Voorhis, W.C.","Plos One"
"4EFI","A","Crystal Structure of 3-oxoacyl-(Acyl-carrier protein) Synthase from Burkholderia Xenovorans LB400","2012-03-29","1.35","FMT","C H2 O2","FORMIC ACID","C(=O)O","Paraburkholderia xenovorans","36873","Escherichia coli","23382856","MSSPDFSAGRELRTQGARIAGVVSCVPSKQVDNDYFVERFDASAVRDVVKMIGVNRRRWADAQTSAGDLCRKAGEKLLAGLGWQADSIDALIFVSQTPNYRLPATAFVLQAELDLPASCLALDINLGCSGYPQALWLGMNLIQTGAAKRVLLAVGDTISKMIDPTDRSTSLLFGDAGTMTALETSNGDAAAHFIIGADGKGARNLIVPSGGFKPYDAAADERMAGKSPECLFMDGGEIFNFTLNAVPKLVSRTLDIAGRDKDSYDAFLFHQANLFMLKHLAKKAGLPAERVPVNIGEYGNTSCASIPLLITTELKDRLKEETLQLGMFGFGVGYSWASAALAVGPLNIVDTIET","Baugh, L., Gallagher, L.A., Patrapuvich, R., Clifton, M.C., Gardberg, A.S., Edwards, T.E., Armour, B., Begley, D.W., Dieterich, S.H., Dranow, D.M., Abendroth, J., Fairman, J.W., Fox, D., Staker, B.L., Phan, I., Gillespie, A., Choi, R., Nakazawa-Hewitt, S., Nguyen, M.T., Napuli, A., Barrett, L., Buchko, G.W., Stacy, R., Myler, P.J., Stewart, L.J., Manoil, C., Van Voorhis, W.C.","Plos One"
"4EFI","A","Crystal Structure of 3-oxoacyl-(Acyl-carrier protein) Synthase from Burkholderia Xenovorans LB400","2012-03-29","1.35","UNL","","UNKNOWN LIGAND","","Paraburkholderia xenovorans","36873","Escherichia coli","23382856","MSSPDFSAGRELRTQGARIAGVVSCVPSKQVDNDYFVERFDASAVRDVVKMIGVNRRRWADAQTSAGDLCRKAGEKLLAGLGWQADSIDALIFVSQTPNYRLPATAFVLQAELDLPASCLALDINLGCSGYPQALWLGMNLIQTGAAKRVLLAVGDTISKMIDPTDRSTSLLFGDAGTMTALETSNGDAAAHFIIGADGKGARNLIVPSGGFKPYDAAADERMAGKSPECLFMDGGEIFNFTLNAVPKLVSRTLDIAGRDKDSYDAFLFHQANLFMLKHLAKKAGLPAERVPVNIGEYGNTSCASIPLLITTELKDRLKEETLQLGMFGFGVGYSWASAALAVGPLNIVDTIET","Baugh, L., Gallagher, L.A., Patrapuvich, R., Clifton, M.C., Gardberg, A.S., Edwards, T.E., Armour, B., Begley, D.W., Dieterich, S.H., Dranow, D.M., Abendroth, J., Fairman, J.W., Fox, D., Staker, B.L., Phan, I., Gillespie, A., Choi, R., Nakazawa-Hewitt, S., Nguyen, M.T., Napuli, A., Barrett, L., Buchko, G.W., Stacy, R., Myler, P.J., Stewart, L.J., Manoil, C., Van Voorhis, W.C.","Plos One"
"4EWP","A","Crystal structure of FabH from Micrococcus luteus","2012-04-27","2.20","","","","","Micrococcus luteus","1270","Escherichia coli","22993086","MTVTLKQHERPAASRIVAVGAYRPANLVPNEDLIGPIDSSDEWIRQRTGIVTRQRATAEETVPVMAVGAAREALERAGLQGSDLDAVIVSTVTFPHATPSAAALVAHEIGATPAPAYDVSAACAGYCYGVAQADALVRSGTARHVLVVGVERLSDVVDPTDRSISFLLGDGAGAVIVAASDEPGISPSVWGSDGERWSTISMTHSQLELRDAVEHARTTGDASAITGAEGMLWPTLRQDGPSVFRWAVWSMAKVAREALDAAGVEPEDLAAFIPHQANMRIIDEFAKQLKLPESVVVARDIADAGNTSAASIPLAMHRLLEENPELSGGLALQIGFGAGLVYGAQVVRLP","Pereira, J.H., Goh, E.B., Keasling, J.D., Beller, H.R., Adams, P.D.","Acta Crystallogr.,Sect.D"
"4KTI","A","Crystal Structure of C143A Xathomonas campestris OleA","2013-05-20","1.84","","","","","Xanthomonas campestris","339","Escherichia coli","27815501","MGSSHHHHHHSSGLVPRGSHMLFQNVSIAGLAHIDAPHTLTSKEINERLQPTYDRLGIKTDVLGDVAGIHARRLWDQDVQASDAATQAARKALIDANIGIEKIGLLINTSVSRDYLEPSTASIVSGNLGVSDHCMTFDVANAALAFINGMDIAARMLERGEIDYALVVDGETANLVYEKTLERMTSPDVTEEEFRNELAALTLGCGAAAMVMARSELVPDAPRYKGGVTRSATEWNKLCRGNLDRMVTDTRLLLIEGIKLAQKTFVAAKQVLGWAVEELDQFVIHQVSRPHTAAFVKSFGIDPAKVMTIFGEHGNIGPASVPIVLSKLKELGRLKKGDRIALLGIGSGLNCSMAEVVW","Goblirsch, B.R., Jensen, M.R., Mohamed, F.A., Wackett, L.P., Wilmot, C.M.","J.Biol.Chem."
"4NHD","A","Crystal structure of beta-ketoacyl-ACP synthase III (FabH) from Vibrio Cholerae in complex with Coenzyme A","2013-11-04","1.78","CA","Ca 2","CALCIUM ION","[Ca+2]","Vibrio cholerae","666","Escherichia coli","","SNAMYSKILGTGSYLPSQVRTNADLEKMVETSDEWIVARTGIRERRIAADNETVADMAFFAAQNAINMAGIDKHDIDMIIVATTSASHTFPSAACQVQGKLGIKGCPAFDLAAACSGFMYALSIADQHVKSGMCKHVLVIGADALSKTCDPTDRSTIILFGDGAGAVVVGASNEPGILSTHIHADGEFGDLLSLEVPVRGGDSDKWLHMAGNEVFKVAVTQLSKLVVDTLKANNMHKSELDWLVPHQANYRIISATAKKLSMSLDQVVITLDRHGNTSAATVPTALDEAVRDGRIQRGQMLLLEAFGGGFTWGSALVKF","Hou, J., Zheng, H., Langner, K., Anderson, W.F., Minor, W., Center for Structural Genomics of Infectious Diseases (CSGID)","To be Published"
"4NHD","A","Crystal structure of beta-ketoacyl-ACP synthase III (FabH) from Vibrio Cholerae in complex with Coenzyme A","2013-11-04","1.78","COA","C21 H36 N7 O16 P3 S","COENZYME A","CC(C)(CO[P@](=O)(O)O[P@@](=O)(O)OC[C@@H]1[C@H]([C@H]([C@@H](O1)n2cnc3c2ncnc3N)O)OP(=O)(O)O)[C@H](C(=O)NCCC(=O)NCCS)O","Vibrio cholerae","666","Escherichia coli","","SNAMYSKILGTGSYLPSQVRTNADLEKMVETSDEWIVARTGIRERRIAADNETVADMAFFAAQNAINMAGIDKHDIDMIIVATTSASHTFPSAACQVQGKLGIKGCPAFDLAAACSGFMYALSIADQHVKSGMCKHVLVIGADALSKTCDPTDRSTIILFGDGAGAVVVGASNEPGILSTHIHADGEFGDLLSLEVPVRGGDSDKWLHMAGNEVFKVAVTQLSKLVVDTLKANNMHKSELDWLVPHQANYRIISATAKKLSMSLDQVVITLDRHGNTSAATVPTALDEAVRDGRIQRGQMLLLEAFGGGFTWGSALVKF","Hou, J., Zheng, H., Langner, K., Anderson, W.F., Minor, W., Center for Structural Genomics of Infectious Diseases (CSGID)","To be Published"
"4NHD","A","Crystal structure of beta-ketoacyl-ACP synthase III (FabH) from Vibrio Cholerae in complex with Coenzyme A","2013-11-04","1.78","NA","Na 1","SODIUM ION","[Na+]","Vibrio cholerae","666","Escherichia coli","","SNAMYSKILGTGSYLPSQVRTNADLEKMVETSDEWIVARTGIRERRIAADNETVADMAFFAAQNAINMAGIDKHDIDMIIVATTSASHTFPSAACQVQGKLGIKGCPAFDLAAACSGFMYALSIADQHVKSGMCKHVLVIGADALSKTCDPTDRSTIILFGDGAGAVVVGASNEPGILSTHIHADGEFGDLLSLEVPVRGGDSDKWLHMAGNEVFKVAVTQLSKLVVDTLKANNMHKSELDWLVPHQANYRIISATAKKLSMSLDQVVITLDRHGNTSAATVPTALDEAVRDGRIQRGQMLLLEAFGGGFTWGSALVKF","Hou, J., Zheng, H., Langner, K., Anderson, W.F., Minor, W., Center for Structural Genomics of Infectious Diseases (CSGID)","To be Published"
"4NHD","A","Crystal structure of beta-ketoacyl-ACP synthase III (FabH) from Vibrio Cholerae in complex with Coenzyme A","2013-11-04","1.78","SCY","C5 H9 N O3 S","S-ACETYL-CYSTEINE","CC(=O)SC[C@@H](C(=O)O)N","Vibrio cholerae","666","Escherichia coli","","SNAMYSKILGTGSYLPSQVRTNADLEKMVETSDEWIVARTGIRERRIAADNETVADMAFFAAQNAINMAGIDKHDIDMIIVATTSASHTFPSAACQVQGKLGIKGCPAFDLAAACSGFMYALSIADQHVKSGMCKHVLVIGADALSKTCDPTDRSTIILFGDGAGAVVVGASNEPGILSTHIHADGEFGDLLSLEVPVRGGDSDKWLHMAGNEVFKVAVTQLSKLVVDTLKANNMHKSELDWLVPHQANYRIISATAKKLSMSLDQVVITLDRHGNTSAATVPTALDEAVRDGRIQRGQMLLLEAFGGGFTWGSALVKF","Hou, J., Zheng, H., Langner, K., Anderson, W.F., Minor, W., Center for Structural Genomics of Infectious Diseases (CSGID)","To be Published"
"4RYB","A","Crystal structure of beta-ketoacyl-ACP synthase III (FabH) from Neisseria meningitidis","2014-12-14","2.45","CSD","C3 H7 N O4 S","3-SULFINOALANINE","C([C@@H](C(=O)O)N)[S@@](=O)O","Neisseria meningitidis","487","Escherichia coli","","MQYAKISGTGSYLPANRVSNDDLAQKVDTSDEWITARTGIKFRHIAAENEKTSDLAAEAARRALDAAGLDSGEIDLIIVATATPDMQFPSTATIVQQKLGITNGCPAFDVQAVCAGFMYALTTANAYIKSGMAKNALVIGAETFSRIVDWNDRTTCVLFGDGAGAVVLSAADKPGIIHSKLKADGNYLKLLNVPGQIACGKVSGSPYISMDGPGVFKFAVKMLSKIADDVIEEAGYTAAQIDWIVPHQANRRIIESTAKHLGLSMDKVVLTVQDHGNTSAASIPLALDTGIRSGQIKRGQNLLLEGIGGGFAWGAVLLQY","Nanson, J.D., Forwood, J.K.","to be published"
"4V2P","A","Ketosynthase MxnB","2014-10-13","1.67","CL","Cl -1","CHLORIDE ION","[Cl-]","Myxococcus fulvus","33","ESCHERICHIA COLI","29308173","MNHKVHHHHHHIEGRHMNNSGSFSLPFKLAGLGRYVPEDIVLSSELEKKYDLPQGWCLEKQGIRERRWVKGETAAFMGAEAAKEAVRDAGLQLSDIDLIISASGSPQQAVPDGGPLVQRELGLGRSGTPAITVNASCLSFFVALEVASNYLNMRRYRRILVVSADIASVSLDFRKPENFTLFGDAAAAAVVTLPEPGEKSCIHASHLRTYGFGAEFSEVRGGGSRKPPNSKDTRPEDNYLHMNGAELLKIGFEYLPKFTESLWKQCPDITVRDVKYIIPHQPSRVVLDYLSLSYPEEKLIRIIERFGNCIGASMPMALYEAVKLRGLQRGDKAVLTGTGSGVSFVGMVFTY","Sucipto, H., Sahner, J.H., Prusov, E., Wenzel, S.C., Hartmann, R.W., Koehnke, J., Muller, R.","Chem Sci"
"4V2P","A","Ketosynthase MxnB","2014-10-13","1.67","CSD","C3 H7 N O4 S","3-SULFINOALANINE","C([C@@H](C(=O)O)N)[S@@](=O)O","Myxococcus fulvus","33","ESCHERICHIA COLI","29308173","MNHKVHHHHHHIEGRHMNNSGSFSLPFKLAGLGRYVPEDIVLSSELEKKYDLPQGWCLEKQGIRERRWVKGETAAFMGAEAAKEAVRDAGLQLSDIDLIISASGSPQQAVPDGGPLVQRELGLGRSGTPAITVNASCLSFFVALEVASNYLNMRRYRRILVVSADIASVSLDFRKPENFTLFGDAAAAAVVTLPEPGEKSCIHASHLRTYGFGAEFSEVRGGGSRKPPNSKDTRPEDNYLHMNGAELLKIGFEYLPKFTESLWKQCPDITVRDVKYIIPHQPSRVVLDYLSLSYPEEKLIRIIERFGNCIGASMPMALYEAVKLRGLQRGDKAVLTGTGSGVSFVGMVFTY","Sucipto, H., Sahner, J.H., Prusov, E., Wenzel, S.C., Hartmann, R.W., Koehnke, J., Muller, R.","Chem Sci"
"4V2P","A","Ketosynthase MxnB","2014-10-13","1.67","MPD","C6 H14 O2","(4S)-2-METHYL-2,4-PENTANEDIOL","C[C@@H](CC(C)(C)O)O","Myxococcus fulvus","33","ESCHERICHIA COLI","29308173","MNHKVHHHHHHIEGRHMNNSGSFSLPFKLAGLGRYVPEDIVLSSELEKKYDLPQGWCLEKQGIRERRWVKGETAAFMGAEAAKEAVRDAGLQLSDIDLIISASGSPQQAVPDGGPLVQRELGLGRSGTPAITVNASCLSFFVALEVASNYLNMRRYRRILVVSADIASVSLDFRKPENFTLFGDAAAAAVVTLPEPGEKSCIHASHLRTYGFGAEFSEVRGGGSRKPPNSKDTRPEDNYLHMNGAELLKIGFEYLPKFTESLWKQCPDITVRDVKYIIPHQPSRVVLDYLSLSYPEEKLIRIIERFGNCIGASMPMALYEAVKLRGLQRGDKAVLTGTGSGVSFVGMVFTY","Sucipto, H., Sahner, J.H., Prusov, E., Wenzel, S.C., Hartmann, R.W., Koehnke, J., Muller, R.","Chem Sci"
"4V2P","A","Ketosynthase MxnB","2014-10-13","1.67","NA","Na 1","SODIUM ION","[Na+]","Myxococcus fulvus","33","ESCHERICHIA COLI","29308173","MNHKVHHHHHHIEGRHMNNSGSFSLPFKLAGLGRYVPEDIVLSSELEKKYDLPQGWCLEKQGIRERRWVKGETAAFMGAEAAKEAVRDAGLQLSDIDLIISASGSPQQAVPDGGPLVQRELGLGRSGTPAITVNASCLSFFVALEVASNYLNMRRYRRILVVSADIASVSLDFRKPENFTLFGDAAAAAVVTLPEPGEKSCIHASHLRTYGFGAEFSEVRGGGSRKPPNSKDTRPEDNYLHMNGAELLKIGFEYLPKFTESLWKQCPDITVRDVKYIIPHQPSRVVLDYLSLSYPEEKLIRIIERFGNCIGASMPMALYEAVKLRGLQRGDKAVLTGTGSGVSFVGMVFTY","Sucipto, H., Sahner, J.H., Prusov, E., Wenzel, S.C., Hartmann, R.W., Koehnke, J., Muller, R.","Chem Sci"
"4V2P","A","Ketosynthase MxnB","2014-10-13","1.67","PO4","O4 P -3","PHOSPHATE ION","[O-]P(=O)([O-])[O-]","Myxococcus fulvus","33","ESCHERICHIA COLI","29308173","MNHKVHHHHHHIEGRHMNNSGSFSLPFKLAGLGRYVPEDIVLSSELEKKYDLPQGWCLEKQGIRERRWVKGETAAFMGAEAAKEAVRDAGLQLSDIDLIISASGSPQQAVPDGGPLVQRELGLGRSGTPAITVNASCLSFFVALEVASNYLNMRRYRRILVVSADIASVSLDFRKPENFTLFGDAAAAAVVTLPEPGEKSCIHASHLRTYGFGAEFSEVRGGGSRKPPNSKDTRPEDNYLHMNGAELLKIGFEYLPKFTESLWKQCPDITVRDVKYIIPHQPSRVVLDYLSLSYPEEKLIRIIERFGNCIGASMPMALYEAVKLRGLQRGDKAVLTGTGSGVSFVGMVFTY","Sucipto, H., Sahner, J.H., Prusov, E., Wenzel, S.C., Hartmann, R.W., Koehnke, J., Muller, R.","Chem Sci"
"4WZU","A","Crystal structure of beta-ketoacyl-(acyl carrier protein) synthase III-2 (FabH2) from Vibrio cholerae","2014-11-20","1.88","NA","Na 1","SODIUM ION","[Na+]","Vibrio cholerae","666","Escherichia coli","","MTQCYAEITGWGKCLPPATLSNHDLSTFLDTSDEWIQSRTGIEQRRISHVNTSDLATVAAQHAIACAGVSVEEIDLIIVATCSPDSLIPNIASRVQQNLGIPSAAAFDLNAACTGFLYGLETATRLMQASHYRHALVIGAERLSFYLDWTKRDTAVLFGDGAGAVVLSKTEQKVGLQDAQIGCDAQGRDILAVPKFGTAMDRFDADNGYWAFDFVGKEIFKRAVRGMGAAAQQVLARSGLSTEEIDVVIPHQANIRIIQTLCDLAGIAQDKAFVNIHRYGNTSAATVPIALCEALEQGKIKPHDDLLVAAFGAGLTWGAGHIRWGERITPLGKSDAQLPSCDHTALDLLSKAIEHCKRHQSE","Hou, J., Chruszcz, M., Zheng, H., Grabowski, M., Chordia, M.D., Anderson, W.F., Minor, W.","To Be Published"
"4X0O","A","Beta-ketoacyl-(acyl carrier protein) synthase III-2 (FabH2) from Vibrio cholerae soaked with Acetyl-CoA","2014-11-21","2.20","COA","C21 H36 N7 O16 P3 S","COENZYME A","CC(C)(CO[P@](=O)(O)O[P@@](=O)(O)OC[C@@H]1[C@H]([C@H]([C@@H](O1)n2cnc3c2ncnc3N)O)OP(=O)(O)O)[C@H](C(=O)NCCC(=O)NCCS)O","Vibrio cholerae","666","Escherichia coli","","MTQCYAEITGWGKCLPPATLSNHDLSTFLDTSDEWIQSRTGIEQRRISHVNTSDLATVAAQHAIACAGVSVEEIDLIIVATCSPDSLIPNIASRVQQNLGIPSAAAFDLNAACTGFLYGLETATRLMQASHYRHALVIGAERLSFYLDWTKRDTAVLFGDGAGAVVLSKTEQKVGLQDAQIGCDAQGRDILAVPKFGTAMDRFDADNGYWAFDFVGKEIFKRAVRGMGAAAQQVLARSGLSTEEIDVVIPHQANIRIIQTLCDLAGIAQDKAFVNIHRYGNTSAATVPIALCEALEQGKIKPHDDLLVAAFGAGLTWGAGHIRWGERITPLGKSDAQLPSCDHTALDLLSKAIEHCKRHQSE","Hou, J., Chruszcz, M., Zheng, H., Grabowski, M., Chordia, M.D., Anderson, W.F., Minor, W.","to be published"
"4X0O","A","Beta-ketoacyl-(acyl carrier protein) synthase III-2 (FabH2) from Vibrio cholerae soaked with Acetyl-CoA","2014-11-21","2.20","NA","Na 1","SODIUM ION","[Na+]","Vibrio cholerae","666","Escherichia coli","","MTQCYAEITGWGKCLPPATLSNHDLSTFLDTSDEWIQSRTGIEQRRISHVNTSDLATVAAQHAIACAGVSVEEIDLIIVATCSPDSLIPNIASRVQQNLGIPSAAAFDLNAACTGFLYGLETATRLMQASHYRHALVIGAERLSFYLDWTKRDTAVLFGDGAGAVVLSKTEQKVGLQDAQIGCDAQGRDILAVPKFGTAMDRFDADNGYWAFDFVGKEIFKRAVRGMGAAAQQVLARSGLSTEEIDVVIPHQANIRIIQTLCDLAGIAQDKAFVNIHRYGNTSAATVPIALCEALEQGKIKPHDDLLVAAFGAGLTWGAGHIRWGERITPLGKSDAQLPSCDHTALDLLSKAIEHCKRHQSE","Hou, J., Chruszcz, M., Zheng, H., Grabowski, M., Chordia, M.D., Anderson, W.F., Minor, W.","to be published"
"4X0O","A","Beta-ketoacyl-(acyl carrier protein) synthase III-2 (FabH2) from Vibrio cholerae soaked with Acetyl-CoA","2014-11-21","2.20","SCY","C5 H9 N O3 S","S-ACETYL-CYSTEINE","CC(=O)SC[C@@H](C(=O)O)N","Vibrio cholerae","666","Escherichia coli","","MTQCYAEITGWGKCLPPATLSNHDLSTFLDTSDEWIQSRTGIEQRRISHVNTSDLATVAAQHAIACAGVSVEEIDLIIVATCSPDSLIPNIASRVQQNLGIPSAAAFDLNAACTGFLYGLETATRLMQASHYRHALVIGAERLSFYLDWTKRDTAVLFGDGAGAVVLSKTEQKVGLQDAQIGCDAQGRDILAVPKFGTAMDRFDADNGYWAFDFVGKEIFKRAVRGMGAAAQQVLARSGLSTEEIDVVIPHQANIRIIQTLCDLAGIAQDKAFVNIHRYGNTSAATVPIALCEALEQGKIKPHDDLLVAAFGAGLTWGAGHIRWGERITPLGKSDAQLPSCDHTALDLLSKAIEHCKRHQSE","Hou, J., Chruszcz, M., Zheng, H., Grabowski, M., Chordia, M.D., Anderson, W.F., Minor, W.","to be published"
"4X9K","A","Beta-ketoacyl-acyl carrier protein synthase III-2 (FabH2)(C113A) from Vibrio cholerae","2014-12-11","1.61","GOL","C3 H8 O3","GLYCEROL","C(C(CO)O)O","Vibrio cholerae","666","Escherichia coli","","MTQCYAEITGWGKCLPPATLSNHDLSTFLDTSDEWIQSRTGIEQRRISHVNTSDLATVAAQHAIACAGVSVEEIDLIIVATCSPDSLIPNIASRVQQNLGIPSAAAFDLNAAATGFLYGLETATRLMQASHYRHALVIGAERLSFYLDWTKRDTAVLFGDGAGAVVLSKTEQKVGLQDAQIGCDAQGRDILAVPKFGTAMDRFDADNGYWAFDFVGKEIFKRAVRGMGAAAQQVLARSGLSTEEIDVVIPHQANIRIIQTLCDLAGIAQDKAFVNIHRYGNTSAATVPIALCEALEQGKIKPHDDLLVAAFGAGLTWGAGHIRWGERITPLGKSDAQLPSCDHTALDLLSKAIEHCKRHQSE","Hou, J., Chruszcz, M., Zheng, H., Grabowski, M., Chordia, M.D., Anderson, W.F., Minor, W.","to be published"
"4X9K","A","Beta-ketoacyl-acyl carrier protein synthase III-2 (FabH2)(C113A) from Vibrio cholerae","2014-12-11","1.61","MLI","C3 H2 O4 -2","MALONATE ION","C(C(=O)[O-])C(=O)[O-]","Vibrio cholerae","666","Escherichia coli","","MTQCYAEITGWGKCLPPATLSNHDLSTFLDTSDEWIQSRTGIEQRRISHVNTSDLATVAAQHAIACAGVSVEEIDLIIVATCSPDSLIPNIASRVQQNLGIPSAAAFDLNAAATGFLYGLETATRLMQASHYRHALVIGAERLSFYLDWTKRDTAVLFGDGAGAVVLSKTEQKVGLQDAQIGCDAQGRDILAVPKFGTAMDRFDADNGYWAFDFVGKEIFKRAVRGMGAAAQQVLARSGLSTEEIDVVIPHQANIRIIQTLCDLAGIAQDKAFVNIHRYGNTSAATVPIALCEALEQGKIKPHDDLLVAAFGAGLTWGAGHIRWGERITPLGKSDAQLPSCDHTALDLLSKAIEHCKRHQSE","Hou, J., Chruszcz, M., Zheng, H., Grabowski, M., Chordia, M.D., Anderson, W.F., Minor, W.","to be published"
"4X9K","A","Beta-ketoacyl-acyl carrier protein synthase III-2 (FabH2)(C113A) from Vibrio cholerae","2014-12-11","1.61","NA","Na 1","SODIUM ION","[Na+]","Vibrio cholerae","666","Escherichia coli","","MTQCYAEITGWGKCLPPATLSNHDLSTFLDTSDEWIQSRTGIEQRRISHVNTSDLATVAAQHAIACAGVSVEEIDLIIVATCSPDSLIPNIASRVQQNLGIPSAAAFDLNAAATGFLYGLETATRLMQASHYRHALVIGAERLSFYLDWTKRDTAVLFGDGAGAVVLSKTEQKVGLQDAQIGCDAQGRDILAVPKFGTAMDRFDADNGYWAFDFVGKEIFKRAVRGMGAAAQQVLARSGLSTEEIDVVIPHQANIRIIQTLCDLAGIAQDKAFVNIHRYGNTSAATVPIALCEALEQGKIKPHDDLLVAAFGAGLTWGAGHIRWGERITPLGKSDAQLPSCDHTALDLLSKAIEHCKRHQSE","Hou, J., Chruszcz, M., Zheng, H., Grabowski, M., Chordia, M.D., Anderson, W.F., Minor, W.","to be published"
"4X9O","A","Beta-ketoacyl-ACP synthase III -2 (FabH2) (C113A) from Vibrio Cholerae soaked with octanoyl-CoA: conformational changes without clearly bound substrate","2014-12-11","2.30","","","","","Vibrio cholerae","666","Escherichia coli","","MTQCYAEITGWGKCLPPATLSNHDLSTFLDTSDEWIQSRTGIEQRRISHVNTSDLATVAAQHAIACAGVSVEEIDLIIVATCSPDSLIPNIASRVQQNLGIPSAAAFDLNAAATGFLYGLETATRLMQASHYRHALVIGAERLSFYLDWTKRDTAVLFGDGAGAVVLSKTEQKVGLQDAQIGCDAQGRDILAVPKFGTAMDRFDADNGYWAFDFVGKEIFKRAVRGMGAAAQQVLARSGLSTEEIDVVIPHQANIRIIQTLCDLAGIAQDKAFVNIHRYGNTSAATVPIALCEALEQGKIKPHDDLLVAAFGAGLTWGAGHIRWGERITPLGKSDAQLPSCDHTALDLLSKAIEHCKRHQSE","Hou, J., Zheng, H., Cooper, D.R., Chruszcz, M., Chordia, M.D., Grabowski, M., Minor, W., Center for Structural Genomics of Infectious Diseases (CSGID)","to be published"
"4YLT","A","Crystal structure of beta-ketoacyl-ACP synthase III (FabH) from Yersinia pestis","2015-03-05","2.20","","","","","Yersinia pestis","632","Escherichia coli","26469877","MYTKILGTGSYLPVQVRSNADLEKMVDTSDEWIVTRTGIRERRIAGLDETVATMGFQAAEKALEMAGIDKDDIGLIIVATTSSSHAFPSSACQVQRMLGIKDAASFDLAAACAGFTYALSVADQYVKSGAVKHAIVIGSDVLSRALDPEDRGTIILFGDGAGAVVLGASEQPGIMSTHLHADGRYGELLALPYPDRQQDQPAYVTMAGNEVFKVAVTELAHIVDETLQVNNLDRTALDWLVPHQANLRIISATAKKLGMGMDKVVITLDRHGNTSAASVPSAFDEAVRDGRIQRGQLVLLEAFGGGFTWGSALVRF","Nanson, J.D., Himiari, Z., Swarbrick, C.M., Forwood, J.K.","Sci Rep"
"4YUC","A","Crystal Structure of CorB derivatized with S-(2-acetamidoethyl) 4-methyl-3-oxohexanethioate","2015-03-18","1.31","MPD","C6 H14 O2","(4S)-2-METHYL-2,4-PENTANEDIOL","C[C@@H](CC(C)(C)O)O","Corallococcus coralloides","184914","Escherichia coli","28757960","MNQGGVFPLPFKIAGLGRYVPADVVLSSDLEKKYDLPPGWCVEKQGIRERRWVKDETASFMGAEAAKEAVRDAGLKLEDIDLIINASGSPEQAVPDGGPLVQRELGLGRSGVPSITVNASCLSFFVALDVAANYLNMRRYKRILIVSSDISSVALDFRKPENFTLFGDAAAAAVVTLPEPGEKSCIHASQVRTYGYGAEFSMVPGGGSRRHPNGKNTTPEDNYLHMNGAELLKIGFEYLPRFNEALWKQCPDITIKDCRYVIPHQPSRVVLDYLSLTYPDDKLVRIIDRFANCIGASMPMALYEAVKVGGLRRGERGVLTGTGSGVSFVGMVFTY","Zocher, G., Vilstrup, J., Heine, D., Hallab, A., Goralski, E., Hertweck, C., Stahl, M., Schaberle, T.F., Stehle, T.","Chem Sci"
"4YUC","A","Crystal Structure of CorB derivatized with S-(2-acetamidoethyl) 4-methyl-3-oxohexanethioate","2015-03-18","1.31","NA","Na 1","SODIUM ION","[Na+]","Corallococcus coralloides","184914","Escherichia coli","28757960","MNQGGVFPLPFKIAGLGRYVPADVVLSSDLEKKYDLPPGWCVEKQGIRERRWVKDETASFMGAEAAKEAVRDAGLKLEDIDLIINASGSPEQAVPDGGPLVQRELGLGRSGVPSITVNASCLSFFVALDVAANYLNMRRYKRILIVSSDISSVALDFRKPENFTLFGDAAAAAVVTLPEPGEKSCIHASQVRTYGYGAEFSMVPGGGSRRHPNGKNTTPEDNYLHMNGAELLKIGFEYLPRFNEALWKQCPDITIKDCRYVIPHQPSRVVLDYLSLTYPDDKLVRIIDRFANCIGASMPMALYEAVKVGGLRRGERGVLTGTGSGVSFVGMVFTY","Zocher, G., Vilstrup, J., Heine, D., Hallab, A., Goralski, E., Hertweck, C., Stahl, M., Schaberle, T.F., Stehle, T.","Chem Sci"
"4YUF","A","Crystal Structure of CorB","2015-03-18","1.54","CSD","C3 H7 N O4 S","3-SULFINOALANINE","C([C@@H](C(=O)O)N)[S@@](=O)O","Corallococcus coralloides","184914","Escherichia coli","28757960","MNQGGVFPLPFKIAGLGRYVPADVVLSSDLEKKYDLPPGWCVEKQGIRERRWVKDETASFMGAEAAKEAVRDAGLKLEDIDLIINASGSPEQAVPDGGPLVQRELGLGRSGVPSITVNASCLSFFVALDVAANYLNMRRYKRILIVSSDISSVALDFRKPENFTLFGDAAAAAVVTLPEPGEKSCIHASQVRTYGYGAEFSMVPGGGSRRHPNGKNTTPEDNYLHMNGAELLKIGFEYLPRFNEALWKQCPDITIKDCRYVIPHQPSRVVLDYLSLTYPDDKLVRIIDRFANCIGASMPMALYEAVKVGGLRRGERGVLTGTGSGVSFVGMVFTY","Zocher, G., Vilstrup, J., Heine, D., Hallab, A., Goralski, E., Hertweck, C., Stahl, M., Schaberle, T.F., Stehle, T.","Chem Sci"
"4Z19","A","Crystal structure of beta-ketoacyl-ACP synthase III (FabH) from Yersinia pestis with acetylated active site cysteine","2015-03-27","1.80","GOL","C3 H8 O3","GLYCEROL","C(C(CO)O)O","Yersinia pestis","632","Escherichia coli","26469877","MYTKILGTGSYLPVQVRSNADLEKMVDTSDEWIVTRTGIRERRIAGLDETVATMGFQAAEKALEMAGIDKDDIGLIIVATTSSSHAFPSSACQVQRMLGIKDAASFDLAAACAGFTYALSVADQYVKSGAVKHAIVIGSDVLSRALDPEDRGTIILFGDGAGAVVLGASEQPGIMSTHLHADGRYGELLALPYPDRQQDQPAYVTMAGNEVFKVAVTELAHIVDETLQVNNLDRTALDWLVPHQANLRIISATAKKLGMGMDKVVITLDRHGNTSAASVPSAFDEAVRDGRIQRGQLVLLEAFGGGFTWGSALVRF","Nanson, J.D., Himiari, Z., Swarbrick, C.M., Forwood, J.K.","Sci Rep"
"4Z19","A","Crystal structure of beta-ketoacyl-ACP synthase III (FabH) from Yersinia pestis with acetylated active site cysteine","2015-03-27","1.80","SCY","C5 H9 N O3 S","S-ACETYL-CYSTEINE","CC(=O)SC[C@@H](C(=O)O)N","Yersinia pestis","632","Escherichia coli","26469877","MYTKILGTGSYLPVQVRSNADLEKMVDTSDEWIVTRTGIRERRIAGLDETVATMGFQAAEKALEMAGIDKDDIGLIIVATTSSSHAFPSSACQVQRMLGIKDAASFDLAAACAGFTYALSVADQYVKSGAVKHAIVIGSDVLSRALDPEDRGTIILFGDGAGAVVLGASEQPGIMSTHLHADGRYGELLALPYPDRQQDQPAYVTMAGNEVFKVAVTELAHIVDETLQVNNLDRTALDWLVPHQANLRIISATAKKLGMGMDKVVITLDRHGNTSAASVPSAFDEAVRDGRIQRGQLVLLEAFGGGFTWGSALVRF","Nanson, J.D., Himiari, Z., Swarbrick, C.M., Forwood, J.K.","Sci Rep"
"4Z8D","A","Antibacterial FabH Inhibitors with Validated Mode of Action in Haemophilus Influenzae by in vitro resistance mutation mapping","2015-04-08","2.00","4LB","C16 H20 Cl N O4","trans-4-[({[(2-chlorobenzyl)oxy]carbonyl}amino)methyl]cyclohexanecarboxylic acid","c1ccc(c(c1)COC(=O)NCC2CCC(CC2)C(=O)O)Cl","Escherichia coli","562","Escherichia coli","27626097","MYTKIIGTGSYLPEQVRTNADLEKMVDTSDEWIVTRTGIRERHIAAPNETVSTMGFEAATRAIEMAGIEKDQIGLIVVATTSATHAFPSAACQIQSMLGIKGCPAFDVAAACAGFTYALSVADQYVKSGAVKYALVVGSDVLARTCDPTDRGTIIIFGDGAGAAVLAASEEPGIISTHLHADGSYGELLTLPNADRVNPENSIHLTMAGNEVFKVAVTELAHIVDETLAANNLDRSQLDWLVPHQANLRIISATAKKLGMSMDNVVVTLDRHGNTSAASVPCALDEAVRDGRIKPGQLVLLEAFGGGFTWGSALVRF","McKinney, D.C., Eyermann, C.J., Gu, R.F., Hu, J., Kazmirski, S.L., Lahiri, S.D., McKenzie, A.R., Shapiro, A.B., Breault, G.","Acs Infect Dis."
"4Z8D","A","Antibacterial FabH Inhibitors with Validated Mode of Action in Haemophilus Influenzae by in vitro resistance mutation mapping","2015-04-08","2.00","SO4","O4 S -2","SULFATE ION","[O-]S(=O)(=O)[O-]","Escherichia coli","562","Escherichia coli","27626097","MYTKIIGTGSYLPEQVRTNADLEKMVDTSDEWIVTRTGIRERHIAAPNETVSTMGFEAATRAIEMAGIEKDQIGLIVVATTSATHAFPSAACQIQSMLGIKGCPAFDVAAACAGFTYALSVADQYVKSGAVKYALVVGSDVLARTCDPTDRGTIIIFGDGAGAAVLAASEEPGIISTHLHADGSYGELLTLPNADRVNPENSIHLTMAGNEVFKVAVTELAHIVDETLAANNLDRSQLDWLVPHQANLRIISATAKKLGMSMDNVVVTLDRHGNTSAASVPCALDEAVRDGRIKPGQLVLLEAFGGGFTWGSALVRF","McKinney, D.C., Eyermann, C.J., Gu, R.F., Hu, J., Kazmirski, S.L., Lahiri, S.D., McKenzie, A.R., Shapiro, A.B., Breault, G.","Acs Infect Dis."
"5BNM","A","E. coli FabH with Small Molecule Inhibitor 1","2015-05-26","1.70","4VK","C20 H19 N O3 S","N-{[3'-(hydroxymethyl)biphenyl-4-yl]methyl}benzenesulfonamide","c1ccc(cc1)S(=O)(=O)NCc2ccc(cc2)c3cccc(c3)CO","Escherichia coli","562","Escherichia coli","27626097","MYTKIIGTGSYLPEQVRTNADLEKMVDTSDEWIVTRTGIRERHIAAPNETVSTMGFEAATRAIEMAGIEKDQIGLIVVATTSATHAFPSAACQIQSMLGIKGCPAFDVAAACAGFTYALSVADQYVKSGAVKYALVVGSDVLARTCDPTDRGTIIIFGDGAGAAVLAASEEPGIISTHLHADGSYGELLTLPNADRVNPENSIHLTMAGNEVFKVAVTELAHIVDETLAANNLDRSQLDWLVPHQANLRIISATAKKLGMSMDNVVVTLDRHGNTSAASVPCALDEAVRDGRIKPGQLVLLEAFGGGFTWGSALVRF","McKinney, D.C., Eyermann, C.J., Gu, R.F., Hu, J., Kazmirski, S.L., Lahiri, S.D., McKenzie, A.R., Shapiro, A.B., Breault, G.","Acs Infect Dis."
"5BNM","A","E. coli FabH with Small Molecule Inhibitor 1","2015-05-26","1.70","SO4","O4 S -2","SULFATE ION","[O-]S(=O)(=O)[O-]","Escherichia coli","562","Escherichia coli","27626097","MYTKIIGTGSYLPEQVRTNADLEKMVDTSDEWIVTRTGIRERHIAAPNETVSTMGFEAATRAIEMAGIEKDQIGLIVVATTSATHAFPSAACQIQSMLGIKGCPAFDVAAACAGFTYALSVADQYVKSGAVKYALVVGSDVLARTCDPTDRGTIIIFGDGAGAAVLAASEEPGIISTHLHADGSYGELLTLPNADRVNPENSIHLTMAGNEVFKVAVTELAHIVDETLAANNLDRSQLDWLVPHQANLRIISATAKKLGMSMDNVVVTLDRHGNTSAASVPCALDEAVRDGRIKPGQLVLLEAFGGGFTWGSALVRF","McKinney, D.C., Eyermann, C.J., Gu, R.F., Hu, J., Kazmirski, S.L., Lahiri, S.D., McKenzie, A.R., Shapiro, A.B., Breault, G.","Acs Infect Dis."
"5BNR","A","E. coli Fabh with small molecule inhibitor 2","2015-05-26","1.89","4VL","C18 H19 F N2 O3","1-{5-[2-fluoro-5-(hydroxymethyl)phenyl]pyridin-2-yl}piperidine-4-carboxylic acid","c1cc(c(cc1CO)c2ccc(nc2)N3CCC(CC3)C(=O)O)F","Escherichia coli","562","Escherichia coli","27626097","MYTKIIGTGSYLPEQVRTNADLEKMVDTSDEWIVTRTGIRERHIAAPNETVSTMGFEAATRAIEMAGIEKDQIGLIVVATTSATHAFPSAACQIQSMLGIKGCPAFDVAAACAGFTYALSVADQYVKSGAVKYALVVGSDVLARTCDPTDRGTIIIFGDGAGAAVLAASEEPGIISTHLHADGSYGELLTLPNADRVNPENSIHLTMAGNEVFKVAVTELAHIVDETLAANNLDRSQLDWLVPHQANLRIISATAKKLGMSMDNVVVTLDRHGNTSAASVPCALDEAVRDGRIKPGQLVLLEAFGGGFTWGSALVRF","McKinney, D.C., Eyermann, C.J., Gu, R.F., Hu, J., Kazmirski, S.L., Lahiri, S.D., McKenzie, A.R., Shapiro, A.B., Breault, G.","Acs Infect Dis."
"5BNS","A","E. coli Fabh with small molecule inhibitor 2","2015-05-26","2.20","4VM","C28 H27 F N4 O2","1-{5-[2-fluoro-5-(hydroxymethyl)phenyl]pyridin-2-yl}-N-(quinolin-6-ylmethyl)piperidine-4-carboxamide","c1cc2cc(ccc2nc1)CNC(=O)C3CCN(CC3)c4ccc(cn4)c5cc(ccc5F)CO","Escherichia coli","562","Escherichia coli","27626097","MYTKIIGTGSYLPEQVRTNADLEKMVDTSDEWIVTRTGIRERHIAAPNETVSTMGFEAATRAIEMAGIEKDQIGLIVVATTSATHAFPSAACQIQSMLGIKGCPAFDVAAACAGFTYALSVADQYVKSGAVKYALVVGSDVLARTCDPTDRGTIIIFGDGAGAAVLAASEEPGIISTHLHADGSYGELLTLPNADRVNPENSIHLTMAGNEVFKVAVTELAHIVDETLAANNLDRSQLDWLVPHQANLRIISATAKKLGMSMDNVVVTLDRHGNTSAASVPCALDEAVRDGRIKPGQLVLLEAFGGGFTWGSALVRF","McKinney, D.C., Eyermann, C.J., Gu, R.F., Hu, J., Kazmirski, S.L., Lahiri, S.D., McKenzie, A.R., Shapiro, A.B., Breault, G.","Acs Infect Dis."
"5BQS","A","S. Pneumoniae Fabh with small molecule inhibitor 4","2015-05-29","1.90","4VN","C18 H19 Cl N2 O3","1-{5-[2-chloro-5-(hydroxymethyl)phenyl]pyridin-2-yl}piperidine-4-carboxylic acid","c1cc(c(cc1CO)c2ccc(nc2)N3CCC(CC3)C(=O)O)Cl","Streptococcus pneumoniae","1313","Escherichia coli","27626097","AFAKISQVAHYVPEQVVTNHDLAQIMDTNDEWISSRTGIRQRHISRTESTSDLATEVAKKLMAKAGITGKELDFIILATITPDSMMPSTAARVQANIGANKAFAFDLTAACSGFVFALSTAEKFIASGRFQKGLVIGSETLSKAVDWSDRSTAVLFGDGAGGVLLEASEQEHFLAESLNSDGSRSECLTYGHSGLHSPFSDQESADSFLKMDGRTVFDFAIRDVAKSIKQTIDESPIEVTDLDYLLLHQANDRILDKMARKIGVDRAKLPANMMEYGNTSAASIPILLSECVEQGLIPLDGSQTVLLSGFGGGLTWGTLILTI","McKinney, D.C., Eyermann, C.J., Gu, R.F., Hu, J., Kazmirski, S.L., Lahiri, S.D., McKenzie, A.R., Shapiro, A.B., Breault, G.","Acs Infect Dis."
"5BQS","A","S. Pneumoniae Fabh with small molecule inhibitor 4","2015-05-29","1.90","NA","Na 1","SODIUM ION","[Na+]","Streptococcus pneumoniae","1313","Escherichia coli","27626097","AFAKISQVAHYVPEQVVTNHDLAQIMDTNDEWISSRTGIRQRHISRTESTSDLATEVAKKLMAKAGITGKELDFIILATITPDSMMPSTAARVQANIGANKAFAFDLTAACSGFVFALSTAEKFIASGRFQKGLVIGSETLSKAVDWSDRSTAVLFGDGAGGVLLEASEQEHFLAESLNSDGSRSECLTYGHSGLHSPFSDQESADSFLKMDGRTVFDFAIRDVAKSIKQTIDESPIEVTDLDYLLLHQANDRILDKMARKIGVDRAKLPANMMEYGNTSAASIPILLSECVEQGLIPLDGSQTVLLSGFGGGLTWGTLILTI","McKinney, D.C., Eyermann, C.J., Gu, R.F., Hu, J., Kazmirski, S.L., Lahiri, S.D., McKenzie, A.R., Shapiro, A.B., Breault, G.","Acs Infect Dis."
"5BY7","A","AbyA1 - tetronic acid condensing enzyme","2015-06-10","1.80","","","","","Verrucosispora maris","1003110","Escherichia coli BL21","","MAHHHHHHSSGLEVLFQGPMTRTVSVLSAASALPGPTVDNATLGRRLGMDRLWEQWVDAFIGTRTRHLAVDLDSGEIRHTLADLAHQAGSRALDAAGVTPEEVDLVVLGTATPDRLMPTTATVVADRLGIDGVPAYQLQSGCSGAVQALAVTRSLLLGGTARTALVLGGDVVARFYDLTADLRKLPPAEFVNYVLFGDGVGAAVLRVGEVAGAAALRSVFTRLVGLGREPGATLEWFGPTEDRNRPAATEDYKAIERHVPDLAAEVVEELLGELGWARDDLDYVLPPQLSGRMTALIVERLKLPQATEVSCVAETGNNGNGIVFLQLERALARLAGGQRALGVSIESSKWIKSGFALEGL","Byrne, M.J., Race, P.R.","To Be Published"
"5C1J","A","Crystal Structure of native (reduced) CorB","2015-06-14","1.70","MPD","C6 H14 O2","(4S)-2-METHYL-2,4-PENTANEDIOL","C[C@@H](CC(C)(C)O)O","Corallococcus coralloides","184914","Escherichia coli","28757960","MNQGGVFPLPFKIAGLGRYVPADVVLSSDLEKKYDLPPGWCVEKQGIRERRWVKDETASFMGAEAAKEAVRDAGLKLEDIDLIINASGSPEQAVPDGGPLVQRELGLGRSGVPSITVNASCLSFFVALDVAANYLNMRRYKRILIVSSDISSVALDFRKPENFTLFGDAAAAAVVTLPEPGEKSCIHASQVRTYGYGAEFSMVPGGGSRRHPNGKNTTPEDNYLHMNGAELLKIGFEYLPRFNEALWKQCPDITIKDCRYVIPHQPSRVVLDYLSLTYPDDKLVRIIDRFANCIGASMPMALYEAVKVGGLRRGERGVLTGTGSGVSFVGMVFTY","Zocher, G., Vilstrup, J., Heine, D., Hallab, A., Goralski, E., Hertweck, C., Stahl, M., Schaberle, T.F., Stehle, T.","Chem Sci"
"5DWZ","A","Structural and functional characterization of PqsBC, a condensing enzyme in the biosynthesis of the Pseudomonas aeruginosa quinolone signal","2015-09-23","2.04","PO4","O4 P -3","PHOSPHATE ION","[O-]P(=O)([O-])[O-]","Pseudomonas aeruginosa","287","Escherichia coli BL21(DE3)","26811339","MLIQAVGVNLPPSYVCLEGPLGGERPRAQGDEMLMQRLLPAVREALDEAAVKPEEIDLIVGLALSPDHLIENRDIMAPKIGHPLQKVLGANRAHVFDLTDSSLARALYVVDTLASDQGYRNVLVVRGESSQGLEVDSESGFALADGALALLCRPTGKAAFRRGALGGDPAQEWLPLSIPLNTDIRQVGDVKGHLNLPAQPGLPEAVRAGFTRLAGDFPQLNWVREEWFGQGRPDGRCLGPFELASQLRAAQRDRLDELLLISFDPFGMVVEGVTLELAGEAHA","Drees, S.L., Li, C., Prasetya, F., Saleem, M., Dreveny, I., Williams, P., Hennecke, U., Emsley, J., Fetzner, S.","J.Biol.Chem."
"5KP2","A","Beta-ketoacyl-ACP synthase III -2 (FabH2) (C113A) from Vibrio Cholerae cocrystallized with octanoyl-CoA: hydrolzed ligand","2016-07-01","2.00","","","","","Vibrio cholerae","666","Escherichia coli","","MTQCYAEITGWGKCLPPATLSNHDLSTFLDTSDEWIQSRTGIEQRRISHVNTSDLATVAAQHAIACAGVSVEEIDLIIVATCSPDSLIPNIASRVQQNLGIPSAAAFDLNAAATGFLYGLETATRLMQASHYRHALVIGAERLSFYLDWTKRDTAVLFGDGAGAVVLSKTEQKVGLQDAQIGCDAQGRDILAVPKFGTAMDRFDADNGYWAFDFVGKEIFKRAVRGMGAAAQQVLARSGLSTEEIDVVIPHQANIRIIQTLCDLAGIAQDKAFVNIHRYGNTSAATVPIALCEALEQGKIKPHDDLLVAAFGAGLTWGAGHIRWGERITPLGKSDAQLPSCDHTALDLLSKAIEHCKRHQSE","Center for Structural Genomics of Infectious Diseases (CSGID), Hou, J., Zheng, H., Grabowski, M., Anderson, W.F.","To Be Published"
"5V0P","A","Crystal Structure of Beta-ketoacyl-ACP synthase III-2 (FabH2) (C113A) from Vibrio Cholerae co-crystallized with octanoyl-CoA","2017-02-28","2.16","CO8","C29 H50 N7 O17 P3 S","OCTANOYL-COENZYME A","CCCCCCCC(=O)SCCNC(=O)CCNC(=O)[C@@H](C(C)(C)CO[P@](=O)(O)O[P@](=O)(O)OC[C@@H]1[C@H]([C@H]([C@@H](O1)n2cnc3c2ncnc3N)O)OP(=O)(O)O)O","Vibrio cholerae","666","Escherichia coli","","MTQCYAEITGWGKCLPPATLSNHDLSTFLDTSDEWIQSRTGIEQRRISHVNTSDLATVAAQHAIACAGVSVEEIDLIIVATCSPDSLIPNIASRVQQNLGIPSAAAFDLNAAATGFLYGLETATRLMQASHYRHALVIGAERLSFYLDWTKRDTAVLFGDGAGAVVLSKTEQKVGLQDAQIGCDAQGRDILAVPKFGTAMDRFDADNGYWAFDFVGKEIFKRAVRGMGAAAQQVLARSGLSTEEIDVVIPHQANIRIIQTLCDLAGIAQDKAFVNIHRYGNTSAATVPIALCEALEQGKIKPHDDLLVAAFGAGLTWGAGHIRWGERITPLGKSDAQLPSCDHTALDLLSKAIEHCKRHQSE","Hou, J., Zheng, H., Cooper, D.R., Chruszcz, M., Chordia, M.D., Grabowski, M., Minor, W.","To Be Published"
"5V0P","A","Crystal Structure of Beta-ketoacyl-ACP synthase III-2 (FabH2) (C113A) from Vibrio Cholerae co-crystallized with octanoyl-CoA","2017-02-28","2.16","NA","Na 1","SODIUM ION","[Na+]","Vibrio cholerae","666","Escherichia coli","","MTQCYAEITGWGKCLPPATLSNHDLSTFLDTSDEWIQSRTGIEQRRISHVNTSDLATVAAQHAIACAGVSVEEIDLIIVATCSPDSLIPNIASRVQQNLGIPSAAAFDLNAAATGFLYGLETATRLMQASHYRHALVIGAERLSFYLDWTKRDTAVLFGDGAGAVVLSKTEQKVGLQDAQIGCDAQGRDILAVPKFGTAMDRFDADNGYWAFDFVGKEIFKRAVRGMGAAAQQVLARSGLSTEEIDVVIPHQANIRIIQTLCDLAGIAQDKAFVNIHRYGNTSAATVPIALCEALEQGKIKPHDDLLVAAFGAGLTWGAGHIRWGERITPLGKSDAQLPSCDHTALDLLSKAIEHCKRHQSE","Hou, J., Zheng, H., Cooper, D.R., Chruszcz, M., Chordia, M.D., Grabowski, M., Minor, W.","To Be Published"


